ticker,spindex,num_committees,dirs,over75_pct,num_meetings,avg_meetings
AAON,S&P 600,3.0,15.0,1.0,8.0,2.6666666666666665
AIR,S&P 600,7.0,28.0,1.0,10.0,1.4285714285714286
ABM,S&P 600,9.0,25.0,1.0,10.0,1.1111111111111112
AFL,S&P 500,11.0,30.0,1.0,11.0,1.0
ATEN,S&P 600,3.0,8.0,1.0,5.0,1.6666666666666667
AGCO,S&P 400,10.0,31.0,1.0,10.0,1.0
AES,S&P 500,11.0,34.0,1.0,10.0,0.9090909090909091
AMCX,S&P 600,2.0,8.0,1.0,13.0,6.5
AMN,S&P 600,11.0,31.0,1.0,9.0,0.8181818181818182
ANIP,S&P 600,5.0,23.0,1.0,9.0,1.8
ASGN,S&P 400,5.0,18.0,1.0,11.0,2.2
T,S&P 500,15.0,77.0,1.0,10.0,0.6666666666666666
ATNI,S&P 600,6.0,15.0,1.0,7.0,1.1666666666666667
AZZ,S&P 600,3.0,17.0,1.0,10.0,3.3333333333333335
AAN,S&P 600,3.0,8.0,1.0,8.0,2.6666666666666665
ABT,S&P 500,6.0,32.0,1.0,12.0,2.0
ABBV,S&P 500,6.0,15.0,1.0,11.0,1.8333333333333333
ANF,S&P 600,12.0,33.0,1.0,9.0,0.75
ASO,S&P 600,17.0,38.0,1.0,10.0,0.5882352941176471
ACHC,S&P 400,6.0,15.0,1.0,10.0,1.6666666666666667
AKR,S&P 600,4.0,20.0,1.0,9.0,2.25
ACIW,S&P 600,7.0,22.0,1.0,7.0,1.0
ADTN,S&P 600,5.0,13.0,1.0,9.0,1.8
,S&P 500,776.0,17673.0,1.0,53.0,0.06829896907216494
AYI,S&P 400,5.0,25.0,1.0,10.0,2.0
AHCO,S&P 600,4.0,11.0,1.0,9.0,2.25
ADUS,S&P 600,4.0,12.0,1.0,9.0,2.25
ADEA,S&P 600,5.0,27.0,1.0,5.0,1.0
ADBE,S&P 500,7.0,24.0,1.0,12.0,1.7142857142857142
ATGE,S&P 600,12.0,36.0,1.0,10.0,0.8333333333333334
AAP,S&P 600,5.0,36.0,1.0,9.0,1.8
ACM,S&P 400,7.0,28.0,1.0,8.0,1.1428571428571428
ASIX,S&P 600,6.0,8.0,1.0,8.0,1.3333333333333333
AMD,S&P 500,8.0,27.0,1.0,9.0,1.125
WMS,S&P 400,8.0,37.0,1.0,12.0,1.5
AEIS,S&P 600,5.0,21.0,1.0,10.0,2.0
AVAV,S&P 600,4.0,15.0,1.0,7.0,1.75
AMG,S&P 400,11.0,53.0,1.0,8.0,0.7272727272727273
A,S&P 500,9.0,40.0,1.0,11.0,1.2222222222222223
AGYS,S&P 600,6.0,25.0,1.0,7.0,1.1666666666666667
AGTI,S&P 600,4.0,8.0,1.0,11.0,2.75
ADC,S&P 400,5.0,17.0,1.0,9.0,1.8
ABNB,S&P 500,4.0,11.0,1.0,8.0,2.0
APD,S&P 500,8.0,34.0,1.0,8.0,1.0
AKAM,S&P 500,6.0,27.0,1.0,10.0,1.6666666666666667
ALG,S&P 600,4.0,16.0,1.0,8.0,2.0
ALRM,S&P 600,3.0,10.0,1.0,7.0,2.3333333333333335
ALK,S&P 600,9.0,25.0,1.0,11.0,1.2222222222222223
AIN,S&P 600,3.0,25.0,1.0,9.0,3.0
ALB,S&P 500,12.0,31.0,1.0,10.0,0.8333333333333334
AA,S&P 400,6.0,16.0,1.0,9.0,1.5
ALEX,S&P 600,3.0,13.0,1.0,7.0,2.3333333333333335
ARE,S&P 500,12.0,35.0,1.0,7.0,0.5833333333333334
ALGN,S&P 500,5.0,15.0,1.0,8.0,1.6
ATI,S&P 600,8.0,30.0,1.0,10.0,1.25
ALGT,S&P 600,5.0,13.0,1.0,8.0,1.6
ALGM,S&P 400,4.0,11.0,0.0,11.0,2.75
ALE,S&P 400,6.0,29.0,1.0,10.0,1.6666666666666667
BFH,S&P 600,6.0,20.0,1.0,7.0,1.1666666666666667
LNT,S&P 500,9.0,32.0,1.0,9.0,1.0
ALL,S&P 500,7.0,29.0,1.0,12.0,1.7142857142857142
ALLY,S&P 400,9.0,26.0,1.0,11.0,1.2222222222222223
AMR,S&P 600,4.0,19.0,1.0,10.0,2.5
GOOGL,S&P 500,8.0,18.0,1.0,11.0,1.375
MO,S&P 500,10.0,40.0,1.0,12.0,1.2
AMZN,S&P 500,7.0,21.0,1.0,11.0,1.5714285714285714
AMBC,S&P 600,5.0,12.0,1.0,7.0,1.4
AMED,S&P 400,8.0,16.0,1.0,9.0,1.125
AEE,S&P 500,14.0,37.0,1.0,14.0,1.0
AAL,S&P 500,7.0,21.0,1.0,13.0,1.8571428571428572
AAT,S&P 600,3.0,8.0,1.0,5.0,1.6666666666666667
AXL,S&P 600,11.0,42.0,1.0,10.0,0.9090909090909091
AEP,S&P 500,9.0,39.0,1.0,13.0,1.4444444444444444
AEO,S&P 600,5.0,15.0,1.0,7.0,1.4
AEL,S&P 600,9.0,20.0,1.0,10.0,1.1111111111111112
AXP,S&P 500,24.0,75.0,1.0,14.0,0.5833333333333334
AFG,S&P 400,5.0,18.0,1.0,11.0,2.2
AIG,S&P 500,14.0,56.0,1.0,10.0,0.7142857142857143
AWR,S&P 600,3.0,17.0,1.0,9.0,3.0
AMT,S&P 500,6.0,23.0,1.0,12.0,2.0
AVD,S&P 600,5.0,20.0,1.0,9.0,1.8
AWK,S&P 500,7.0,19.0,1.0,10.0,1.4285714285714286
AMWD,S&P 600,6.0,20.0,1.0,8.0,1.3333333333333333
CRMT,S&P 600,9.0,16.0,1.0,7.0,0.7777777777777778
AMSF,S&P 600,5.0,13.0,1.0,8.0,1.6
COR,S&P 500,18.0,39.0,1.0,10.0,0.5555555555555556
AMP,S&P 500,5.0,17.0,1.0,8.0,1.6
ABCB,S&P 600,11.0,24.0,1.0,13.0,1.1818181818181819
AME,S&P 500,10.0,26.0,1.0,9.0,0.9
AMGN,S&P 500,10.0,33.0,1.0,13.0,1.3
AMKR,S&P 400,4.0,15.0,1.0,11.0,2.75
APH,S&P 500,5.0,20.0,1.0,9.0,1.8
AMPH,S&P 600,7.0,18.0,1.0,10.0,1.4285714285714286
ADI,S&P 500,6.0,28.0,1.0,11.0,1.8333333333333333
ANDE,S&P 600,6.0,22.0,1.0,10.0,1.6666666666666667
ANGO,,5.0,17.0,,,
ANIK,S&P 600,5.0,15.0,1.0,8.0,1.6
NLY,S&P 400,8.0,21.0,1.0,10.0,1.25
ANSS,S&P 500,7.0,23.0,1.0,10.0,1.4285714285714286
AR,S&P 400,9.0,23.0,1.0,8.0,0.8888888888888888
ELV,S&P 500,9.0,37.0,1.0,11.0,1.2222222222222223
AM,S&P 400,9.0,26.0,1.0,9.0,1.0
APA,S&P 500,8.0,29.0,1.0,10.0,1.25
AIRC,S&P 400,4.0,11.0,1.0,9.0,2.25
APOG,S&P 600,6.0,25.0,1.0,9.0,1.5
ARI,S&P 600,5.0,18.0,1.0,10.0,2.0
AMEH,S&P 600,,,1.0,9.0,
AAPL,S&P 500,5.0,12.0,1.0,9.0,1.8
APLE,S&P 600,4.0,10.0,1.0,9.0,2.25
AIT,S&P 600,7.0,25.0,1.0,9.0,1.2857142857142858
AMAT,S&P 500,7.0,29.0,1.0,10.0,1.4285714285714286
ATR,S&P 400,6.0,25.0,1.0,11.0,1.8333333333333333
ARMK,S&P 400,8.0,26.0,1.0,11.0,1.375
ABR,S&P 600,7.0,22.0,1.0,8.0,1.1428571428571428
ARCB,S&P 600,7.0,17.0,1.0,9.0,1.2857142857142858
ADM,S&P 500,11.0,40.0,1.0,11.0,1.0
AROC,S&P 600,4.0,18.0,1.0,9.0,2.25
ACA,S&P 600,4.0,10.0,1.0,10.0,2.5
RCUS,S&P 600,5.0,10.0,1.0,12.0,2.4
ANET,S&P 500,4.0,17.0,1.0,9.0,2.25
ARLO,S&P 600,7.0,7.0,1.0,7.0,1.0
AHH,S&P 600,3.0,8.0,1.0,9.0,3.0
ARR,S&P 600,5.0,13.0,1.0,10.0,2.0
AWI,S&P 600,5.0,24.0,1.0,8.0,1.6
ARW,S&P 400,5.0,21.0,1.0,10.0,2.0
ARWR,S&P 400,4.0,10.0,1.0,8.0,2.0
APAM,S&P 600,4.0,8.0,1.0,8.0,2.0
ABG,S&P 600,8.0,23.0,1.0,9.0,1.125
ASH,S&P 400,8.0,35.0,1.0,9.0,1.125
ASB,S&P 400,12.0,32.0,1.0,10.0,0.8333333333333334
AIZ,S&P 500,8.0,27.0,1.0,13.0,1.625
ASTE,S&P 600,6.0,28.0,1.0,10.0,1.6666666666666667
AUB,S&P 600,7.0,37.0,1.0,12.0,1.7142857142857142
ATO,S&P 500,7.0,25.0,1.0,11.0,1.5714285714285714
CHX,S&P 400,3.0,10.0,1.0,9.0,3.0
ADSK,S&P 500,5.0,28.0,1.0,11.0,2.2
ALV,S&P 400,10.0,41.0,1.0,11.0,1.1
ADP,S&P 500,7.0,32.0,1.0,12.0,1.7142857142857142
AN,S&P 400,9.0,34.0,1.0,8.0,0.8888888888888888
AZO,S&P 500,4.0,26.0,1.0,10.0,2.5
AVB,S&P 500,6.0,27.0,1.0,12.0,2.0
AVNS,S&P 600,5.0,11.0,1.0,6.0,1.2
AVY,S&P 500,14.0,31.0,1.0,10.0,0.7142857142857143
AVID,S&P 600,5.0,18.0,1.0,9.0,1.8
CDMO,S&P 600,4.0,13.0,1.0,7.0,1.75
AVNT,S&P 400,10.0,37.0,1.0,12.0,1.2
CAR,S&P 400,8.0,33.0,1.0,6.0,0.75
AVA,S&P 600,8.0,24.0,1.0,11.0,1.375
AVT,S&P 400,9.0,32.0,1.0,10.0,1.1111111111111112
ACLS,S&P 600,6.0,21.0,1.0,9.0,1.5
AXON,S&P 500,11.0,17.0,1.0,11.0,1.0
AX,S&P 600,9.0,18.0,1.0,10.0,1.1111111111111112
BGS,S&P 600,6.0,13.0,1.0,10.0,1.6666666666666667
BJ,S&P 400,10.0,34.0,1.0,8.0,0.8
RILY,S&P 600,4.0,12.0,1.0,9.0,2.25
BWXT,S&P 400,4.0,19.0,1.0,9.0,2.25
BMI,S&P 600,8.0,19.0,1.0,9.0,1.125
BKR,S&P 500,12.0,48.0,1.0,9.0,0.75
BCPC,S&P 600,6.0,16.0,1.0,6.0,1.0
BALL,S&P 500,6.0,25.0,1.0,11.0,1.8333333333333333
BANF,S&P 600,6.0,36.0,1.0,18.0,3.0
TBBK,S&P 600,10.0,16.0,1.0,10.0,1.0
BANC,S&P 600,18.0,33.0,1.0,12.0,0.6666666666666666
BAC,S&P 500,12.0,58.0,1.0,14.0,1.1666666666666667
BKU,S&P 600,6.0,19.0,1.0,10.0,1.6666666666666667
BOH,S&P 600,9.0,29.0,1.0,14.0,1.5555555555555556
BK,S&P 500,16.0,44.0,1.0,11.0,0.6875
OZK,S&P 400,19.0,39.0,1.0,13.0,0.6842105263157895
BANR,S&P 600,7.0,28.0,1.0,11.0,1.5714285714285714
B,S&P 600,4.0,23.0,1.0,12.0,3.0
BBWI,S&P 500,8.0,27.0,1.0,13.0,1.625
BAX,S&P 500,11.0,36.0,1.0,10.0,0.9090909090909091
BDX,S&P 500,14.0,38.0,1.0,11.0,0.7857142857142857
BDC,S&P 400,4.0,20.0,1.0,10.0,2.5
BRBR,S&P 400,4.0,6.0,1.0,6.0,1.5
BHE,S&P 600,5.0,20.0,1.0,9.0,1.8
WRB,S&P 500,7.0,19.0,1.0,9.0,1.2857142857142858
BRK.B,S&P 500,2.0,14.0,1.0,15.0,7.5
BHLB,S&P 600,10.0,41.0,1.0,12.0,1.2
BERY,S&P 400,7.0,20.0,1.0,12.0,1.7142857142857142
BBY,S&P 500,9.0,35.0,1.0,12.0,1.3333333333333333
BIG,S&P 600,12.0,26.0,1.0,10.0,0.8333333333333334
BIO,S&P 500,3.0,11.0,1.0,6.0,2.0
BLFS,S&P 600,4.0,11.0,1.0,7.0,1.75
BIIB,S&P 500,8.0,23.0,1.0,10.0,1.25
TECH,S&P 500,5.0,15.0,1.0,9.0,1.8
BJRI,S&P 600,4.0,19.0,1.0,11.0,2.75
BKH,S&P 400,5.0,29.0,1.0,10.0,2.0
BLKB,S&P 400,5.0,19.0,1.0,8.0,1.6
BLK,S&P 500,8.0,39.0,1.0,16.0,2.0
BXMT,S&P 600,7.0,14.0,1.0,10.0,1.4285714285714286
HRB,S&P 400,8.0,35.0,1.0,9.0,1.125
BLMN,S&P 600,4.0,20.0,1.0,10.0,2.5
AVTA,S&P 600,6.0,33.0,1.0,9.0,1.5
BA,S&P 500,12.0,48.0,1.0,13.0,1.0833333333333333
BCC,S&P 600,3.0,19.0,1.0,12.0,4.0
BKNG,S&P 500,6.0,26.0,1.0,11.0,1.8333333333333333
BOOT,S&P 600,5.0,17.0,1.0,8.0,1.6
BWA,S&P 500,6.0,29.0,1.0,8.0,1.3333333333333333
SAM,S&P 400,4.0,18.0,1.0,8.0,2.0
BXP,S&P 500,7.0,24.0,1.0,11.0,1.5714285714285714
BSX,S&P 500,10.0,43.0,1.0,9.0,0.9
BYD,S&P 400,10.0,24.0,1.0,8.0,0.8
BDN,S&P 600,4.0,22.0,1.0,7.0,1.75
BHF,S&P 400,7.0,13.0,1.0,9.0,1.2857142857142858
BSIG,S&P 600,3.0,17.0,1.0,5.0,1.6666666666666667
EAT,S&P 600,6.0,34.0,1.0,9.0,1.5
BCO,S&P 400,20.0,70.0,1.0,9.0,0.45
BMY,S&P 500,6.0,37.0,1.0,11.0,1.8333333333333333
VTOL,S&P 600,4.0,13.0,1.0,8.0,2.0
BRX,S&P 400,3.0,13.0,1.0,8.0,2.6666666666666665
BR,S&P 500,6.0,27.0,1.0,11.0,1.8333333333333333
AVGO,S&P 500,6.0,20.0,1.0,9.0,1.5
BRKL,S&P 600,9.0,24.0,1.0,15.0,1.6666666666666667
AZTA,S&P 400,9.0,23.0,1.0,10.0,1.1111111111111112
BRO,S&P 500,4.0,14.0,1.0,12.0,3.0
BF.B,S&P 500,5.0,25.0,1.0,11.0,2.2
BRKR,S&P 400,5.0,20.0,1.0,10.0,2.0
BC,S&P 400,8.0,30.0,1.0,10.0,1.25
BKE,S&P 600,5.0,17.0,1.0,13.0,2.6
BLDR,S&P 500,4.0,16.0,1.0,10.0,2.5
BURL,S&P 400,3.0,13.0,1.0,10.0,3.3333333333333335
CBOE,S&P 500,8.0,35.0,1.0,12.0,1.5
CBRE,S&P 500,6.0,26.0,1.0,11.0,1.8333333333333333
CDW,S&P 500,4.0,17.0,1.0,10.0,2.5
CF,S&P 500,13.0,52.0,1.0,11.0,0.8461538461538461
CHRW,S&P 500,7.0,22.0,1.0,11.0,1.5714285714285714
CI,S&P 500,6.0,34.0,1.0,11.0,1.8333333333333333
CME,S&P 500,16.0,64.0,1.0,23.0,1.4375
CMS,S&P 500,13.0,28.0,1.0,11.0,0.8461538461538461
CNO,S&P 400,7.0,29.0,1.0,9.0,1.2857142857142858
CSGS,S&P 600,4.0,18.0,1.0,10.0,2.5
CSX,S&P 500,11.0,48.0,1.0,11.0,1.0
CTS,S&P 600,15.0,35.0,1.0,6.0,0.4
CNX,S&P 400,9.0,28.0,1.0,7.0,0.7777777777777778
CVBF,S&P 600,5.0,18.0,1.0,8.0,1.6
CVI,S&P 600,6.0,35.0,1.0,6.0,1.0
CVS,S&P 500,7.0,33.0,1.0,11.0,1.5714285714285714
CABO,S&P 400,5.0,13.0,1.0,8.0,1.6
CBT,S&P 400,7.0,30.0,1.0,11.0,1.5714285714285714
CTRA,S&P 500,11.0,33.0,1.0,10.0,0.9090909090909091
CACI,S&P 400,16.0,34.0,1.0,11.0,0.6875
CDNS,S&P 500,8.0,19.0,1.0,10.0,1.25
CADE,S&P 400,18.0,57.0,1.0,15.0,0.8333333333333334
CZR,S&P 500,17.0,48.0,1.0,9.0,0.5294117647058824
CALM,S&P 600,5.0,16.0,1.0,7.0,1.4
CVGW,S&P 600,10.0,21.0,1.0,9.0,0.9
CAL,S&P 600,13.0,43.0,1.0,11.0,0.8461538461538461
CRC,S&P 600,7.0,21.0,1.0,9.0,1.2857142857142858
CWT,S&P 600,9.0,20.0,1.0,9.0,1.0
CALX,S&P 400,5.0,14.0,1.0,8.0,1.6
CARS,S&P 600,6.0,22.0,1.0,11.0,1.8333333333333333
MODG,S&P 600,7.0,22.0,1.0,12.0,1.7142857142857142
CPE,S&P 600,7.0,16.0,1.0,8.0,1.1428571428571428
CPT,S&P 500,6.0,15.0,1.0,10.0,1.6666666666666667
CPB,S&P 500,5.0,38.0,1.0,12.0,2.4
COF,S&P 500,8.0,23.0,1.0,12.0,1.5
CFFN,S&P 600,5.0,15.0,1.0,8.0,1.6
CARA,S&P 600,4.0,17.0,1.0,6.0,1.5
CAH,S&P 500,11.0,45.0,1.0,11.0,1.0
CTRE,S&P 600,4.0,8.0,1.0,5.0,1.25
CARG,S&P 600,2.0,10.0,1.0,6.0,3.0
CSL,S&P 400,5.0,23.0,1.0,9.0,1.8
KMX,S&P 500,5.0,26.0,1.0,11.0,2.2
CG,S&P 400,14.0,48.0,1.0,13.0,0.9285714285714286
CCL,S&P 500,8.0,23.0,1.0,11.0,1.375
CRS,S&P 600,11.0,34.0,0.0,11.0,1.0
CARR,S&P 500,4.0,9.0,1.0,9.0,2.25
CRI,S&P 400,4.0,22.0,1.0,11.0,2.75
CASY,S&P 400,7.0,25.0,1.0,10.0,1.4285714285714286
CPRX,S&P 600,3.0,9.0,1.0,7.0,2.3333333333333335
CAT,S&P 500,10.0,30.0,1.0,11.0,1.1
CATY,S&P 600,11.0,19.0,1.0,12.0,1.0909090909090908
CVCO,S&P 600,4.0,10.0,1.0,7.0,1.75
CE,S&P 500,7.0,35.0,1.0,10.0,1.4285714285714286
CELH,S&P 400,6.0,13.0,1.0,9.0,1.5
CNC,S&P 500,15.0,34.0,1.0,10.0,0.6666666666666666
CNP,S&P 500,7.0,30.0,1.0,9.0,1.2857142857142858
CSR,S&P 600,7.0,22.0,1.0,7.0,1.0
CENT,S&P 600,8.0,19.0,1.0,11.0,1.375
CPF,S&P 600,7.0,28.0,1.0,12.0,1.7142857142857142
CENX,S&P 600,5.0,22.0,1.0,7.0,1.4
CCS,S&P 600,3.0,5.0,1.0,6.0,2.0
CRNC,S&P 600,3.0,8.0,1.0,8.0,2.6666666666666665
CDAY,S&P 500,,,1.0,10.0,
CERT,S&P 600,3.0,13.0,1.0,9.0,3.0
CEVA,S&P 600,4.0,9.0,1.0,7.0,1.75
CRL,S&P 500,8.0,24.0,1.0,11.0,1.375
GTLS,S&P 400,3.0,20.0,1.0,10.0,3.3333333333333335
CHTR,S&P 500,4.0,21.0,1.0,13.0,3.25
CLDT,S&P 600,4.0,12.0,1.0,7.0,1.75
CAKE,S&P 600,5.0,17.0,1.0,10.0,2.0
CHEF,S&P 600,5.0,17.0,1.0,10.0,2.0
CHE,S&P 400,3.0,14.0,1.0,10.0,3.3333333333333335
CC,S&P 400,5.0,17.0,1.0,9.0,1.8
CHK,S&P 400,4.0,6.0,1.0,7.0,1.75
CPK,S&P 600,4.0,23.0,1.0,10.0,2.5
CVX,S&P 500,5.0,34.0,1.0,12.0,2.4
CHS,S&P 600,8.0,29.0,1.0,9.0,1.125
PLCE,S&P 600,8.0,35.0,1.0,11.0,1.375
CMG,S&P 500,6.0,27.0,1.0,9.0,1.5
CHH,S&P 400,9.0,18.0,1.0,11.0,1.2222222222222223
CHD,S&P 500,8.0,30.0,1.0,10.0,1.25
CHDN,S&P 400,5.0,22.0,1.0,9.0,1.8
CHUY,S&P 600,3.0,10.0,1.0,6.0,2.0
CIEN,S&P 400,4.0,17.0,1.0,9.0,2.25
CINF,S&P 500,5.0,29.0,1.0,12.0,2.4
CNK,S&P 600,6.0,15.0,1.0,11.0,1.8333333333333333
CRUS,S&P 400,5.0,17.0,1.0,8.0,1.6
CSCO,S&P 500,14.0,33.0,1.0,9.0,0.6428571428571429
CTAS,S&P 500,5.0,21.0,1.0,10.0,2.0
C,S&P 500,23.0,60.0,1.0,13.0,0.5652173913043478
INGN,S&P 600,5.0,15.0,1.0,7.0,1.4
CFG,S&P 500,6.0,20.0,1.0,13.0,2.1666666666666665
CHCO,S&P 600,10.0,34.0,0.0,12.0,1.2
CIVI,S&P 400,10.0,35.0,1.0,9.0,0.9
CLH,S&P 400,15.0,71.0,1.0,11.0,0.7333333333333333
CLFD,S&P 600,5.0,9.0,1.0,8.0,1.6
CLW,S&P 600,3.0,17.0,1.0,9.0,3.0
CWEN,S&P 600,4.0,9.0,1.0,11.0,2.75
CLF,S&P 400,10.0,40.0,1.0,10.0,1.0
CLX,S&P 500,8.0,38.0,1.0,12.0,1.5
COKE,S&P 400,6.0,24.0,1.0,11.0,1.8333333333333333
KO,S&P 500,13.0,38.0,1.0,13.0,1.0
CCOI,S&P 600,4.0,17.0,1.0,9.0,2.25
CGNX,S&P 400,5.0,15.0,1.0,7.0,1.4
CTSH,S&P 500,9.0,23.0,1.0,13.0,1.4444444444444444
COHR,S&P 400,14.0,37.0,1.0,14.0,1.0
CHRS,S&P 600,9.0,33.0,1.0,8.0,0.8888888888888888
COHU,S&P 600,3.0,16.0,1.0,8.0,2.6666666666666665
ENOV,S&P 400,4.0,15.0,1.0,10.0,2.5
CL,S&P 500,9.0,38.0,1.0,11.0,1.2222222222222223
COLL,S&P 600,5.0,15.0,1.0,9.0,1.8
COLB,S&P 400,9.0,28.0,1.0,14.0,1.5555555555555556
COLM,S&P 400,4.0,14.0,1.0,9.0,2.25
FIX,S&P 400,7.0,17.0,1.0,9.0,1.2857142857142858
CMCSA,S&P 500,7.0,25.0,1.0,10.0,1.4285714285714286
CMA,S&P 500,14.0,38.0,1.0,13.0,0.9285714285714286
CBSH,S&P 400,6.0,22.0,0.0,13.0,2.1666666666666665
CMC,S&P 400,16.0,65.0,1.0,8.0,0.5
CBU,S&P 600,11.0,30.0,1.0,12.0,1.0909090909090908
CYH,S&P 600,5.0,22.0,1.0,12.0,2.4
CHCT,S&P 600,4.0,6.0,1.0,6.0,1.5
CVLT,S&P 400,5.0,15.0,1.0,9.0,1.8
CMP,S&P 600,7.0,28.0,1.0,10.0,1.4285714285714286
CPSI,S&P 600,,,1.0,7.0,
CRK,S&P 600,6.0,20.0,1.0,5.0,0.8333333333333334
CMTL,,9.0,19.0,,,
CAG,S&P 500,10.0,37.0,1.0,11.0,1.1
CNXC,S&P 400,4.0,9.0,1.0,8.0,2.0
CNMD,S&P 600,7.0,17.0,1.0,9.0,1.2857142857142858
COP,S&P 500,8.0,38.0,1.0,13.0,1.625
CCSI,S&P 600,4.0,6.0,1.0,6.0,1.5
CEIX,S&P 600,4.0,9.0,1.0,6.0,1.5
CNSL,S&P 600,3.0,11.0,1.0,8.0,2.6666666666666665
ED,S&P 500,13.0,29.0,1.0,11.0,0.8461538461538461
STZ,S&P 500,5.0,24.0,1.0,11.0,2.2
CEG,S&P 500,12.0,35.0,1.0,10.0,0.8333333333333334
COO,S&P 500,10.0,18.0,1.0,8.0,0.8
CPRT,S&P 500,5.0,15.0,1.0,11.0,2.2
CORT,S&P 600,3.0,19.0,1.0,9.0,3.0
CLB,S&P 600,5.0,20.0,1.0,7.0,1.4
CXW,S&P 600,6.0,19.0,1.0,10.0,1.6666666666666667
CNM,S&P 400,3.0,10.0,1.0,12.0,4.0
GLW,S&P 500,10.0,35.0,1.0,15.0,1.5
QDEL,S&P 400,6.0,23.0,0.0,12.0,2.0
CDP,S&P 400,5.0,18.0,1.0,10.0,2.0
CRSR,S&P 600,3.0,8.0,1.0,10.0,3.3333333333333335
CTVA,S&P 500,5.0,15.0,1.0,13.0,2.6
CRVL,S&P 600,3.0,6.0,1.0,6.0,2.0
COST,S&P 500,4.0,16.0,1.0,11.0,2.75
CSGP,S&P 500,4.0,12.0,1.0,8.0,2.0
COTY,S&P 400,3.0,16.0,0.0,11.0,3.6666666666666665
CUZ,S&P 400,7.0,26.0,1.0,9.0,1.2857142857142858
CBRL,S&P 600,7.0,30.0,1.0,10.0,1.4285714285714286
CXT,S&P 400,6.0,28.0,1.0,8.0,1.3333333333333333
CROX,S&P 400,8.0,24.0,1.0,8.0,1.0
CCRN,S&P 600,4.0,14.0,1.0,8.0,2.0
CCI,S&P 500,7.0,29.0,1.0,10.0,1.4285714285714286
CCK,S&P 400,6.0,28.0,1.0,13.0,2.1666666666666665
AORT,S&P 600,6.0,15.0,1.0,9.0,1.5
CUBE,S&P 400,3.0,16.0,1.0,9.0,3.0
CFR,S&P 400,7.0,32.0,1.0,13.0,1.8571428571428572
CMI,S&P 500,10.0,29.0,1.0,12.0,1.2
CW,S&P 400,4.0,19.0,1.0,10.0,2.5
CUBI,S&P 600,7.0,12.0,1.0,9.0,1.2857142857142858
CUTR,,7.0,18.0,,,
CYTK,S&P 600,5.0,18.0,1.0,10.0,2.0
CTKB,S&P 600,3.0,7.0,1.0,7.0,2.3333333333333335
BOOM,S&P 600,7.0,20.0,1.0,6.0,0.8571428571428571
DHI,S&P 500,4.0,13.0,1.0,6.0,1.5
DTE,S&P 500,9.0,28.0,1.0,10.0,1.1111111111111112
DXPE,S&P 600,4.0,8.0,1.0,6.0,1.5
DTM,S&P 400,5.0,6.0,1.0,7.0,1.4
DAN,S&P 600,10.0,48.0,1.0,10.0,1.0
DXC,S&P 600,7.0,43.0,1.0,11.0,1.5714285714285714
DHR,S&P 500,8.0,21.0,1.0,14.0,1.75
DRI,S&P 500,6.0,33.0,1.0,9.0,1.5
DAR,S&P 400,5.0,23.0,1.0,10.0,2.0
PLAY,S&P 600,4.0,23.0,1.0,8.0,2.0
DVA,S&P 500,7.0,27.0,1.0,9.0,1.2857142857142858
DECK,S&P 400,8.0,21.0,1.0,10.0,1.25
DE,S&P 500,9.0,39.0,1.0,11.0,1.2222222222222223
DAL,S&P 500,8.0,49.0,1.0,13.0,1.625
DLX,S&P 600,8.0,22.0,1.0,9.0,1.125
XRAY,S&P 500,7.0,36.0,1.0,11.0,1.5714285714285714
DBI,S&P 600,5.0,15.0,0.0,11.0,2.2
DVN,S&P 500,9.0,31.0,1.0,11.0,1.2222222222222223
DXCM,S&P 500,4.0,20.0,1.0,10.0,2.5
DRH,S&P 600,3.0,10.0,1.0,8.0,2.6666666666666665
FANG,S&P 500,5.0,8.0,1.0,9.0,1.8
DKS,S&P 400,3.0,19.0,1.0,11.0,3.6666666666666665
DGII,S&P 600,5.0,13.0,1.0,6.0,1.2
DLR,S&P 500,3.0,15.0,1.0,9.0,3.0
APPS,S&P 600,6.0,11.0,1.0,8.0,1.3333333333333333
DV,S&P 600,5.0,18.0,1.0,10.0,2.0
DCOM,S&P 600,3.0,17.0,1.0,12.0,4.0
DIN,S&P 600,6.0,19.0,1.0,10.0,1.6666666666666667
DIOD,S&P 600,8.0,16.0,1.0,7.0,0.875
DIS,S&P 500,7.0,39.0,1.0,11.0,1.5714285714285714
DFS,S&P 500,10.0,33.0,1.0,12.0,1.2
,S&P 600,776.0,17673.0,1.0,53.0,0.06829896907216494
DLB,S&P 400,7.0,15.0,1.0,9.0,1.2857142857142858
DG,S&P 500,10.0,27.0,1.0,9.0,0.9
DLTR,S&P 500,8.0,27.0,1.0,10.0,1.25
D,S&P 500,9.0,33.0,1.0,11.0,1.2222222222222223
DPZ,S&P 500,5.0,12.0,1.0,9.0,1.8
DCI,S&P 400,5.0,28.0,1.0,10.0,2.0
DORM,S&P 600,5.0,13.0,1.0,8.0,1.6
DFIN,S&P 600,3.0,10.0,1.0,9.0,3.0
DEI,S&P 600,3.0,14.0,1.0,11.0,3.6666666666666665
DOUG,,4.0,5.0,,,
DOV,S&P 500,5.0,26.0,1.0,9.0,1.8
DOW,S&P 500,13.0,42.0,1.0,12.0,0.9230769230769231
DRQ,S&P 600,4.0,11.0,1.0,7.0,1.75
DBX,S&P 400,4.0,12.0,1.0,8.0,2.0
ENR,S&P 600,6.0,16.0,1.0,10.0,1.6666666666666667
DUK,S&P 500,10.0,40.0,1.0,14.0,1.4
DD,S&P 500,12.0,50.0,1.0,12.0,1.0
DOCS,S&P 400,3.0,6.0,1.0,6.0,2.0
DY,S&P 600,5.0,21.0,1.0,8.0,1.6
DT,S&P 400,4.0,11.0,1.0,8.0,2.0
DVAX,S&P 600,4.0,17.0,1.0,10.0,2.5
ELF,S&P 600,3.0,18.0,1.0,9.0,3.0
LOCO,S&P 600,3.0,11.0,1.0,10.0,3.3333333333333335
EOG,S&P 500,10.0,23.0,1.0,9.0,0.9
EQT,S&P 500,8.0,38.0,1.0,11.0,1.375
EPR,S&P 400,9.0,19.0,1.0,8.0,0.8888888888888888
EGBN,S&P 600,6.0,20.0,1.0,9.0,1.5
EXP,S&P 400,8.0,19.0,1.0,10.0,1.25
EGRX,S&P 600,5.0,12.0,1.0,7.0,1.4
EWBC,S&P 400,8.0,22.0,1.0,10.0,1.25
DEA,S&P 600,3.0,6.0,1.0,8.0,2.6666666666666665
EGP,S&P 400,5.0,14.0,1.0,7.0,1.4
EMN,S&P 500,8.0,29.0,1.0,12.0,1.5
EBAY,S&P 500,6.0,27.0,1.0,9.0,1.5
ECL,S&P 500,6.0,37.0,1.0,13.0,2.1666666666666665
EPC,S&P 600,8.0,27.0,1.0,10.0,1.25
EIX,S&P 500,11.0,34.0,1.0,11.0,1.0
EW,S&P 500,5.0,26.0,1.0,9.0,1.8
EGHT,S&P 600,7.0,13.0,1.0,7.0,1.0
EA,S&P 500,6.0,21.0,1.0,8.0,1.3333333333333333
EFC,S&P 600,3.0,5.0,1.0,5.0,1.6666666666666667
EMBC,S&P 600,4.0,7.0,1.0,9.0,2.25
EME,S&P 400,4.0,19.0,1.0,9.0,2.25
EBS,S&P 600,8.0,19.0,1.0,9.0,1.125
EMR,S&P 500,9.0,37.0,1.0,11.0,1.2222222222222223
AZPN,S&P 400,5.0,18.0,1.0,8.0,1.6
EIG,S&P 600,13.0,19.0,1.0,9.0,0.6923076923076923
ENTA,S&P 600,3.0,13.0,1.0,7.0,2.3333333333333335
ECPG,S&P 600,8.0,28.0,1.0,9.0,1.125
WIRE,S&P 600,5.0,10.0,1.0,6.0,1.2
EHC,S&P 400,7.0,19.0,1.0,11.0,1.5714285714285714
ENS,S&P 400,4.0,18.0,1.0,11.0,2.75
EPAC,S&P 600,6.0,22.0,1.0,9.0,1.5
EHAB,S&P 600,5.0,12.0,1.0,13.0,2.6
ENPH,S&P 500,3.0,11.0,1.0,7.0,2.3333333333333335
NPO,S&P 600,4.0,23.0,1.0,10.0,2.5
ENVA,S&P 600,3.0,9.0,1.0,9.0,3.0
ENSG,S&P 600,5.0,17.0,1.0,8.0,1.6
ETR,S&P 500,10.0,37.0,1.0,12.0,1.2
ENV,S&P 600,8.0,28.0,1.0,9.0,1.125
EPAM,S&P 500,3.0,11.0,1.0,9.0,3.0
NVST,S&P 400,3.0,11.0,1.0,8.0,2.6666666666666665
PLUS,S&P 600,4.0,14.0,1.0,9.0,2.25
EFX,S&P 500,12.0,55.0,1.0,10.0,0.8333333333333334
EQIX,S&P 500,10.0,22.0,0.0,11.0,1.1
EQH,S&P 400,5.0,13.0,1.0,9.0,1.8
ETRN,S&P 400,6.0,9.0,1.0,8.0,1.3333333333333333
ELS,S&P 400,6.0,20.0,1.0,10.0,1.6666666666666667
EQR,S&P 500,6.0,30.0,1.0,9.0,1.5
ESAB,S&P 400,3.0,7.0,1.0,10.0,3.3333333333333335
EVR,S&P 400,6.0,21.0,1.0,11.0,1.8333333333333333
ESE,S&P 600,5.0,16.0,1.0,9.0,1.8
EPRT,S&P 600,4.0,8.0,1.0,8.0,2.0
WTRG,S&P 400,6.0,30.0,1.0,8.0,1.3333333333333333
ESS,S&P 500,7.0,18.0,1.0,10.0,1.4285714285714286
ETD,S&P 600,4.0,19.0,1.0,6.0,1.5
ETSY,S&P 500,4.0,12.0,1.0,9.0,2.25
EEFT,S&P 400,4.0,12.0,1.0,8.0,2.0
EVRG,S&P 500,10.0,22.0,1.0,11.0,1.1
EVTC,S&P 600,4.0,14.0,1.0,9.0,2.25
ES,S&P 500,13.0,47.0,1.0,11.0,0.8461538461538461
EXC,S&P 500,15.0,42.0,1.0,8.0,0.5333333333333333
EXEL,S&P 400,5.0,21.0,1.0,11.0,2.2
EXLS,S&P 400,4.0,18.0,1.0,7.0,1.75
EXPE,S&P 500,6.0,17.0,1.0,12.0,2.0
EXPI,S&P 600,7.0,10.0,1.0,7.0,1.0
EXPD,S&P 500,4.0,15.0,1.0,9.0,2.25
EXPO,S&P 400,4.0,13.0,1.0,6.0,1.5
EXR,S&P 500,4.0,13.0,1.0,10.0,2.5
EXTR,S&P 600,8.0,19.0,1.0,7.0,0.875
XOM,S&P 500,10.0,42.0,1.0,12.0,1.2
FMC,S&P 500,7.0,29.0,1.0,10.0,1.4285714285714286
FNB,S&P 400,12.0,41.0,1.0,11.0,0.9166666666666666
FBK,S&P 600,5.0,16.0,1.0,11.0,2.2
FCN,S&P 400,4.0,19.0,1.0,9.0,2.25
META,S&P 500,7.0,24.0,1.0,9.0,1.2857142857142858
FDS,S&P 500,5.0,18.0,1.0,9.0,1.8
FICO,S&P 500,6.0,27.0,1.0,8.0,1.3333333333333333
FARO,S&P 600,8.0,19.0,1.0,8.0,1.0
FAST,S&P 500,6.0,17.0,1.0,10.0,1.6666666666666667
FRT,S&P 500,5.0,14.0,1.0,7.0,1.4
FSS,S&P 600,6.0,27.0,1.0,7.0,1.1666666666666667
FDX,S&P 500,9.0,33.0,1.0,13.0,1.4444444444444444
FFIV,S&P 500,6.0,23.0,1.0,11.0,1.8333333333333333
FIS,S&P 500,11.0,39.0,1.0,12.0,1.0909090909090908
FNF,S&P 400,5.0,14.0,1.0,11.0,2.2
FITB,S&P 500,12.0,39.0,1.0,14.0,1.1666666666666667
FAF,S&P 400,5.0,27.0,1.0,10.0,2.0
FBP,S&P 600,13.0,31.0,1.0,9.0,0.6923076923076923
FBNC,S&P 600,7.0,36.0,1.0,16.0,2.2857142857142856
FCF,S&P 600,6.0,33.0,1.0,15.0,2.5
FFBC,S&P 600,14.0,31.0,1.0,12.0,0.8571428571428571
FFIN,S&P 400,9.0,26.0,1.0,11.0,1.2222222222222223
FHN,S&P 400,9.0,40.0,1.0,14.0,1.5555555555555556
FHB,S&P 600,4.0,16.0,1.0,9.0,2.25
FR,S&P 400,11.0,30.0,1.0,7.0,0.6363636363636364
FSLR,S&P 500,5.0,17.0,1.0,12.0,2.4
FCFS,S&P 400,3.0,12.0,1.0,9.0,3.0
FI,S&P 500,7.0,25.0,1.0,8.0,1.1428571428571428
FE,S&P 500,12.0,61.0,1.0,11.0,0.9166666666666666
FIVE,S&P 400,4.0,16.0,1.0,11.0,2.75
FLT,S&P 500,8.0,24.0,1.0,11.0,1.375
FND,S&P 400,3.0,14.0,1.0,11.0,3.6666666666666665
FLR,S&P 400,7.0,34.0,1.0,9.0,1.2857142857142858
FLO,S&P 400,6.0,22.0,1.0,11.0,1.8333333333333333
FLS,S&P 400,9.0,26.0,1.0,11.0,1.2222222222222223
FL,S&P 600,10.0,29.0,1.0,10.0,1.0
F,S&P 500,14.0,41.0,1.0,14.0,1.0
FORM,S&P 600,5.0,18.0,1.0,8.0,1.6
FORR,S&P 600,3.0,11.0,1.0,8.0,2.6666666666666665
FTNT,S&P 500,6.0,16.0,1.0,8.0,1.3333333333333333
FTV,S&P 500,4.0,13.0,1.0,9.0,2.25
FBIN,S&P 400,5.0,15.0,1.0,10.0,2.0
FWRD,S&P 600,6.0,28.0,1.0,12.0,2.0
FCPT,S&P 600,5.0,9.0,1.0,8.0,1.6
FOXA,S&P 500,3.0,8.0,1.0,7.0,2.3333333333333335
FOXF,S&P 400,4.0,8.0,1.0,7.0,1.75
FBRT,S&P 600,7.0,19.0,1.0,7.0,1.0
FELE,S&P 600,4.0,18.0,1.0,9.0,2.25
BEN,S&P 500,5.0,24.0,1.0,11.0,2.2
FSP,,3.0,9.0,,,
FCX,S&P 500,9.0,32.0,1.0,12.0,1.3333333333333333
FTDR,S&P 600,3.0,9.0,1.0,7.0,2.3333333333333335
FYBR,S&P 400,4.0,7.0,1.0,9.0,2.25
FLGT,S&P 600,4.0,7.0,1.0,4.0,1.0
FUL,S&P 600,5.0,28.0,1.0,9.0,1.8
FULT,S&P 600,9.0,48.0,1.0,11.0,1.2222222222222223
FF,S&P 600,6.0,19.0,1.0,9.0,1.5
GATX,S&P 400,5.0,22.0,1.0,8.0,1.6
GEO,S&P 600,12.0,24.0,1.0,9.0,0.75
GIII,S&P 600,6.0,16.0,1.0,15.0,2.5
GMS,S&P 600,5.0,13.0,1.0,9.0,1.8
GXO,S&P 400,6.0,13.0,1.0,8.0,1.3333333333333333
GEHC,S&P 500,3.0,8.0,1.0,10.0,3.3333333333333335
AJG,S&P 500,7.0,19.0,1.0,9.0,1.2857142857142858
GLPI,S&P 400,4.0,9.0,1.0,8.0,2.0
GME,S&P 400,5.0,26.0,1.0,6.0,1.2
GCI,S&P 600,8.0,20.0,1.0,9.0,1.125
GPS,S&P 400,10.0,40.0,1.0,12.0,1.2
IT,S&P 500,7.0,34.0,1.0,12.0,1.7142857142857142
GNRC,S&P 500,4.0,18.0,1.0,11.0,2.75
GD,S&P 500,10.0,32.0,1.0,13.0,1.3
GE,S&P 500,14.0,52.0,1.0,10.0,0.7142857142857143
GIS,S&P 500,11.0,55.0,1.0,11.0,1.0
GM,S&P 500,12.0,28.0,1.0,13.0,1.0833333333333333
GCO,S&P 600,5.0,26.0,1.0,9.0,1.8
GNTX,S&P 400,5.0,16.0,1.0,9.0,1.8
GPC,S&P 500,6.0,27.0,1.0,13.0,2.1666666666666665
GNW,S&P 600,7.0,29.0,1.0,9.0,1.2857142857142858
THRM,S&P 600,8.0,20.0,1.0,8.0,1.0
GTY,S&P 600,3.0,9.0,1.0,6.0,2.0
ROCK,S&P 600,8.0,16.0,1.0,8.0,1.0
GILD,S&P 500,7.0,22.0,1.0,9.0,1.2857142857142858
GBCI,S&P 400,6.0,21.0,1.0,10.0,1.6666666666666667
GKOS,S&P 600,2.0,10.0,1.0,8.0,4.0
GNL,S&P 600,4.0,9.0,1.0,6.0,1.5
GPN,S&P 500,7.0,25.0,1.0,11.0,1.5714285714285714
GMED,S&P 400,3.0,14.0,1.0,8.0,2.6666666666666665
GL,S&P 500,6.0,27.0,1.0,12.0,2.0
GDDY,S&P 400,5.0,13.0,1.0,8.0,1.6
GOGO,S&P 600,3.0,13.0,1.0,10.0,3.3333333333333335
GDEN,S&P 600,4.0,12.0,1.0,6.0,1.5
GS,S&P 500,7.0,43.0,1.0,12.0,1.7142857142857142
GT,S&P 400,10.0,43.0,1.0,12.0,1.2
GSHD,S&P 600,3.0,6.0,1.0,7.0,2.3333333333333335
GGG,S&P 400,3.0,22.0,1.0,10.0,3.3333333333333335
GHC,S&P 400,4.0,27.0,1.0,9.0,2.25
GWW,S&P 500,3.0,23.0,1.0,11.0,3.6666666666666665
LOPE,S&P 400,3.0,11.0,1.0,6.0,2.0
GVA,S&P 600,7.0,26.0,1.0,10.0,1.4285714285714286
GPMT,,3.0,6.0,,,
GPK,S&P 400,4.0,37.0,1.0,10.0,2.5
GRBK,S&P 600,4.0,12.0,1.0,7.0,1.75
GDOT,S&P 600,4.0,20.0,1.0,9.0,2.25
GPRE,S&P 600,4.0,21.0,1.0,8.0,2.0
GBX,S&P 600,3.0,17.0,1.0,11.0,3.6666666666666665
GEF,S&P 400,9.0,21.0,1.0,11.0,1.2222222222222223
GFF,S&P 600,8.0,27.0,1.0,13.0,1.625
GO,S&P 400,10.0,21.0,1.0,10.0,1.0
GPI,S&P 600,7.0,19.0,1.0,9.0,1.2857142857142858
GES,S&P 600,3.0,16.0,0.0,7.0,2.3333333333333335
DINO,S&P 400,10.0,29.0,1.0,12.0,1.2
HCA,S&P 500,9.0,35.0,1.0,10.0,1.1111111111111112
HCI,S&P 600,8.0,21.0,1.0,10.0,1.25
HNI,S&P 600,3.0,22.0,1.0,10.0,3.3333333333333335
HPQ,S&P 500,12.0,55.0,1.0,13.0,1.0833333333333333
HAE,S&P 400,7.0,22.0,1.0,8.0,1.1428571428571428
HAIN,S&P 600,4.0,25.0,1.0,8.0,2.0
HAL,S&P 500,5.0,34.0,1.0,13.0,2.6
HALO,S&P 400,3.0,14.0,1.0,9.0,3.0
HWC,S&P 400,8.0,30.0,1.0,15.0,1.875
HBI,S&P 600,4.0,20.0,1.0,10.0,2.5
HAFC,S&P 600,7.0,35.0,1.0,9.0,1.2857142857142858
HASI,S&P 600,5.0,13.0,1.0,11.0,2.2
THG,S&P 400,6.0,27.0,1.0,11.0,1.8333333333333333
HOG,S&P 400,7.0,24.0,1.0,9.0,1.2857142857142858
HLIT,S&P 600,5.0,16.0,1.0,7.0,1.4
HRMY,S&P 600,3.0,8.0,0.0,9.0,3.0
NVRI,S&P 600,6.0,26.0,1.0,9.0,1.5
HIG,S&P 500,9.0,31.0,1.0,11.0,1.2222222222222223
HAS,S&P 500,10.0,35.0,1.0,11.0,1.1
HVT,S&P 600,6.0,26.0,1.0,9.0,1.5
HE,S&P 400,6.0,27.0,1.0,10.0,1.6666666666666667
HA,S&P 600,6.0,23.0,1.0,12.0,2.0
HWKN,S&P 600,6.0,11.0,1.0,8.0,1.3333333333333333
HAYN,S&P 600,4.0,12.0,1.0,5.0,1.25
HAYW,S&P 600,3.0,10.0,1.0,11.0,3.6666666666666665
HCSG,S&P 600,4.0,10.0,1.0,9.0,2.25
HSTM,S&P 600,3.0,16.0,1.0,8.0,2.6666666666666665
HQY,S&P 400,6.0,13.0,1.0,11.0,1.8333333333333333
HR,S&P 400,5.0,23.0,1.0,13.0,2.6
HTLD,S&P 600,4.0,9.0,1.0,7.0,1.75
PEAK,S&P 500,1.0,3.0,1.0,8.0,8.0
HSII,S&P 600,5.0,27.0,1.0,7.0,1.4
HLX,S&P 600,6.0,17.0,1.0,8.0,1.3333333333333333
HP,S&P 600,3.0,16.0,1.0,10.0,3.3333333333333335
JKHY,S&P 500,6.0,16.0,1.0,9.0,1.5
HFWA,S&P 600,12.0,27.0,1.0,11.0,0.9166666666666666
HT,,6.0,12.0,,,
HSY,S&P 500,7.0,40.0,1.0,11.0,1.5714285714285714
,S&P 600,776.0,17673.0,1.0,53.0,0.06829896907216494
HTZ,S&P 400,3.0,8.0,1.0,10.0,3.3333333333333335
HES,S&P 500,9.0,35.0,1.0,12.0,1.3333333333333333
HPE,S&P 500,5.0,20.0,1.0,12.0,2.4
HXL,S&P 400,5.0,24.0,1.0,8.0,1.6
HIBB,S&P 600,5.0,21.0,1.0,10.0,2.0
HIW,S&P 600,8.0,21.0,1.0,8.0,1.0
HI,S&P 600,8.0,31.0,1.0,10.0,1.25
HTH,S&P 600,9.0,47.0,1.0,17.0,1.8888888888888888
HGV,S&P 400,3.0,7.0,1.0,9.0,3.0
HLT,S&P 500,7.0,24.0,1.0,10.0,1.4285714285714286
HOLX,S&P 500,8.0,25.0,1.0,9.0,1.125
HOMB,S&P 400,7.0,25.0,1.0,16.0,2.2857142857142856
HD,S&P 500,10.0,41.0,1.0,13.0,1.3
HMST,S&P 600,7.0,19.0,1.0,7.0,1.0
HON,S&P 500,5.0,29.0,1.0,11.0,2.2
HOPE,S&P 600,10.0,38.0,1.0,12.0,1.2
HRL,S&P 500,9.0,35.0,1.0,11.0,1.2222222222222223
HMN,S&P 600,11.0,30.0,1.0,9.0,0.8181818181818182
HST,S&P 500,5.0,19.0,1.0,9.0,1.8
TWNK,S&P 600,4.0,13.0,1.0,9.0,2.25
HLI,S&P 400,3.0,14.0,0.0,11.0,3.6666666666666665
HWM,S&P 500,11.0,41.0,1.0,9.0,0.8181818181818182
HUBG,S&P 600,3.0,11.0,1.0,10.0,3.3333333333333335
HUBB,S&P 500,5.0,26.0,1.0,10.0,2.0
HPP,S&P 600,5.0,15.0,1.0,10.0,2.0
HUM,S&P 500,14.0,35.0,1.0,12.0,0.8571428571428571
JBHT,S&P 500,6.0,21.0,1.0,9.0,1.5
HBAN,S&P 500,16.0,43.0,1.0,13.0,0.8125
HII,S&P 500,6.0,18.0,1.0,11.0,1.8333333333333333
H,S&P 400,14.0,55.0,1.0,11.0,0.7857142857142857
ICUI,S&P 600,4.0,12.0,1.0,9.0,2.25
IPGP,S&P 400,3.0,15.0,1.0,10.0,3.3333333333333335
ITT,S&P 400,9.0,29.0,1.0,8.0,0.8888888888888888
IDA,S&P 400,8.0,33.0,1.0,12.0,1.5
IRT,S&P 400,5.0,12.0,1.0,9.0,1.8
IEX,S&P 500,5.0,23.0,1.0,10.0,2.0
IDXX,S&P 500,7.0,24.0,1.0,10.0,1.4285714285714286
ITW,S&P 500,5.0,26.0,1.0,10.0,2.0
ILMN,S&P 500,5.0,21.0,1.0,12.0,2.4
NARI,S&P 400,3.0,9.0,1.0,10.0,3.3333333333333335
INCY,S&P 500,9.0,19.0,1.0,9.0,1.0
INDB,S&P 600,7.0,20.0,1.0,12.0,1.7142857142857142
IBTX,S&P 600,5.0,19.0,1.0,11.0,2.2
ILPT,,3.0,6.0,,,
IR,S&P 500,4.0,17.0,1.0,10.0,2.5
NGVT,S&P 600,9.0,11.0,1.0,10.0,1.1111111111111112
INGR,S&P 400,11.0,35.0,1.0,12.0,1.0909090909090908
NSIT,S&P 600,6.0,20.0,1.0,10.0,1.6666666666666667
IOSP,S&P 600,7.0,17.0,1.0,8.0,1.1428571428571428
IIIN,S&P 600,4.0,14.0,1.0,7.0,1.75
NSP,S&P 400,4.0,19.0,1.0,10.0,2.5
IBP,S&P 600,4.0,8.0,1.0,9.0,2.25
INVA,S&P 600,6.0,29.0,1.0,6.0,1.0
IIPR,S&P 600,3.0,5.0,1.0,6.0,2.0
PODD,S&P 500,5.0,24.0,1.0,9.0,1.8
IART,S&P 400,5.0,16.0,1.0,8.0,1.6
INTC,S&P 500,11.0,36.0,1.0,12.0,1.0909090909090908
ITGR,S&P 600,8.0,26.0,1.0,11.0,1.375
IPAR,S&P 600,5.0,7.0,1.0,9.0,1.8
IBKR,S&P 400,4.0,13.0,1.0,9.0,2.25
TILE,S&P 600,6.0,22.0,1.0,9.0,1.5
ICE,S&P 500,8.0,31.0,1.0,10.0,1.25
IDCC,S&P 600,9.0,20.0,1.0,9.0,1.0
IBOC,S&P 400,9.0,15.0,1.0,8.0,0.8888888888888888
IBM,S&P 500,4.0,41.0,1.0,12.0,3.0
IFF,S&P 500,10.0,38.0,1.0,11.0,1.1
IP,S&P 500,6.0,44.0,1.0,11.0,1.8333333333333333
IPG,S&P 500,9.0,22.0,1.0,9.0,1.0
INTU,S&P 500,8.0,23.0,1.0,9.0,1.125
ISRG,S&P 500,3.0,22.0,1.0,11.0,3.6666666666666665
IVR,S&P 600,3.0,9.0,1.0,7.0,2.3333333333333335
INVH,S&P 500,4.0,20.0,1.0,10.0,2.5
IQV,S&P 500,5.0,20.0,1.0,10.0,2.0
IRDM,S&P 400,3.0,17.0,1.0,12.0,4.0
ITOS,S&P 600,4.0,12.0,0.0,9.0,2.25
IRBT,S&P 600,6.0,18.0,1.0,8.0,1.3333333333333333
IRM,S&P 500,11.0,24.0,1.0,10.0,0.9090909090909091
IRWD,S&P 600,3.0,21.0,1.0,9.0,3.0
ITRI,S&P 600,7.0,24.0,1.0,8.0,1.1428571428571428
JBGS,S&P 600,3.0,10.0,1.0,10.0,3.3333333333333335
JJSF,S&P 600,3.0,7.0,1.0,8.0,2.6666666666666665
JPM,S&P 500,8.0,35.0,0.0,12.0,1.5
JBL,S&P 500,5.0,14.0,1.0,8.0,1.6
JACK,S&P 600,6.0,25.0,1.0,9.0,1.5
JXN,S&P 600,4.0,8.0,1.0,9.0,2.25
J,S&P 500,5.0,30.0,1.0,11.0,2.2
JEF,S&P 400,12.0,25.0,1.0,12.0,1.0
JBLU,S&P 600,10.0,30.0,1.0,11.0,1.1
JBT,S&P 600,4.0,11.0,1.0,8.0,2.0
JNJ,S&P 500,11.0,34.0,1.0,12.0,1.0909090909090908
JYNT,,3.0,13.0,,,
JLL,S&P 400,5.0,25.0,1.0,12.0,2.4
ZD,S&P 400,6.0,15.0,1.0,6.0,1.0
JNPR,S&P 500,4.0,23.0,1.0,10.0,2.5
KAR,S&P 600,6.0,31.0,1.0,10.0,1.6666666666666667
KBR,S&P 400,11.0,32.0,1.0,10.0,0.9090909090909091
KLAC,S&P 500,5.0,24.0,1.0,10.0,2.0
KREF,S&P 600,4.0,8.0,1.0,8.0,2.0
KALU,S&P 600,6.0,21.0,1.0,11.0,1.8333333333333333
KAMN,S&P 600,5.0,21.0,1.0,7.0,1.4
KBH,S&P 400,5.0,30.0,1.0,11.0,2.2
K,S&P 500,23.0,59.0,1.0,11.0,0.4782608695652174
KELYA,S&P 600,5.0,15.0,1.0,9.0,1.8
KMPR,S&P 400,10.0,28.0,1.0,11.0,1.1
KMT,S&P 600,7.0,21.0,1.0,10.0,1.4285714285714286
KW,S&P 600,6.0,18.0,1.0,12.0,2.0
KDP,S&P 500,7.0,24.0,1.0,11.0,1.5714285714285714
KEY,S&P 500,15.0,59.0,1.0,13.0,0.8666666666666667
KEYS,S&P 500,8.0,21.0,1.0,11.0,1.375
KRC,S&P 400,6.0,12.0,1.0,7.0,1.1666666666666667
KMB,S&P 500,8.0,33.0,1.0,12.0,1.5
KIM,S&P 500,5.0,14.0,1.0,8.0,1.6
KMI,S&P 500,5.0,23.0,1.0,14.0,2.8
KNSL,S&P 400,3.0,11.0,1.0,9.0,3.0
KEX,S&P 400,5.0,19.0,1.0,11.0,2.2
KRG,S&P 400,3.0,19.0,1.0,13.0,4.333333333333333
KNX,S&P 400,9.0,16.0,1.0,11.0,1.2222222222222223
KN,S&P 600,3.0,14.0,1.0,9.0,3.0
KSS,S&P 600,8.0,31.0,1.0,11.0,1.375
KTB,S&P 600,5.0,11.0,1.0,7.0,1.4
KOP,S&P 600,7.0,17.0,1.0,9.0,1.2857142857142858
KFY,S&P 600,4.0,23.0,1.0,9.0,2.25
KHC,S&P 500,5.0,21.0,1.0,12.0,2.4
KR,S&P 500,9.0,32.0,1.0,11.0,1.2222222222222223
KLIC,S&P 600,4.0,16.0,1.0,7.0,1.75
KD,S&P 400,4.0,9.0,1.0,10.0,2.5
LGIH,S&P 600,3.0,8.0,1.0,7.0,2.3333333333333335
LKQ,S&P 500,7.0,20.0,1.0,9.0,1.2857142857142858
LCII,S&P 600,7.0,16.0,1.0,10.0,1.4285714285714286
LTC,S&P 600,7.0,14.0,1.0,6.0,0.8571428571428571
LHX,S&P 500,14.0,34.0,1.0,12.0,0.8571428571428571
LZB,S&P 600,9.0,24.0,1.0,10.0,1.1111111111111112
LH,S&P 500,8.0,21.0,1.0,11.0,1.375
LKFN,S&P 600,5.0,22.0,1.0,11.0,2.2
LRCX,S&P 500,5.0,24.0,1.0,11.0,2.2
LAMR,S&P 400,4.0,12.0,1.0,9.0,2.25
LW,S&P 500,5.0,11.0,1.0,11.0,2.2
LANC,S&P 400,5.0,16.0,1.0,10.0,2.0
LSTR,S&P 400,8.0,15.0,1.0,8.0,1.0
LNTH,S&P 400,6.0,15.0,1.0,9.0,1.5
VTLE,S&P 600,5.0,16.0,0.0,10.0,2.0
LVS,S&P 500,7.0,21.0,1.0,8.0,1.1428571428571428
LSCC,S&P 400,5.0,29.0,1.0,8.0,1.6
EL,S&P 500,5.0,19.0,1.0,15.0,3.0
LEA,S&P 400,5.0,15.0,1.0,10.0,2.0
LEG,S&P 400,10.0,30.0,1.0,11.0,1.1
LDOS,S&P 500,12.0,27.0,1.0,12.0,1.0
LMAT,S&P 600,3.0,11.0,1.0,8.0,2.6666666666666665
TREE,S&P 600,6.0,19.0,1.0,9.0,1.5
LEN,S&P 500,9.0,20.0,1.0,10.0,1.1111111111111112
LII,S&P 400,12.0,34.0,1.0,9.0,0.75
LESL,S&P 600,3.0,10.0,1.0,8.0,2.6666666666666665
LXP,S&P 600,6.0,19.0,1.0,8.0,1.3333333333333333
LBRT,S&P 600,3.0,8.0,1.0,9.0,3.0
LGND,S&P 600,6.0,18.0,1.0,7.0,1.1666666666666667
LSI,S&P 400,9.0,28.0,1.0,8.0,0.8888888888888888
LLY,S&P 500,8.0,32.0,1.0,12.0,1.5
LECO,S&P 400,4.0,26.0,1.0,10.0,2.5
LNC,S&P 600,10.0,29.0,1.0,11.0,1.1
LNN,S&P 600,4.0,14.0,1.0,8.0,2.0
LQDT,S&P 600,4.0,10.0,1.0,8.0,2.0
LAD,S&P 400,5.0,17.0,1.0,9.0,1.8
LFUS,S&P 400,5.0,16.0,1.0,8.0,1.6
LYV,S&P 500,4.0,25.0,1.0,11.0,2.75
LPSN,,8.0,15.0,,,
,S&P 600,776.0,17673.0,1.0,53.0,0.06829896907216494
RAMP,S&P 600,9.0,32.0,1.0,8.0,0.8888888888888888
LMT,S&P 500,12.0,39.0,1.0,13.0,1.0833333333333333
L,S&P 500,12.0,60.0,1.0,11.0,0.9166666666666666
LPX,S&P 400,8.0,25.0,1.0,8.0,1.0
LOW,S&P 500,9.0,38.0,1.0,12.0,1.3333333333333333
LULU,S&P 500,6.0,21.0,1.0,10.0,1.6666666666666667
LUMN,S&P 600,12.0,37.0,1.0,10.0,0.8333333333333334
LITE,S&P 400,3.0,14.0,1.0,9.0,3.0
MTB,S&P 500,10.0,34.0,1.0,17.0,1.7
MDC,S&P 600,4.0,13.0,1.0,11.0,2.75
MDU,S&P 400,6.0,26.0,1.0,10.0,1.6666666666666667
MTG,S&P 400,8.0,35.0,1.0,12.0,1.5
MGM,S&P 500,12.0,36.0,1.0,11.0,0.9166666666666666
MGPI,S&P 600,5.0,26.0,1.0,9.0,1.8
MHO,S&P 600,6.0,19.0,0.0,10.0,1.6666666666666667
MKSI,S&P 400,3.0,18.0,1.0,8.0,2.6666666666666665
MP,S&P 400,4.0,9.0,1.0,7.0,1.75
MSA,S&P 400,7.0,20.0,1.0,10.0,1.4285714285714286
MSM,S&P 400,3.0,13.0,1.0,8.0,2.6666666666666665
MSCI,S&P 500,8.0,24.0,1.0,12.0,1.5
MYRG,S&P 600,4.0,15.0,1.0,8.0,2.0
MTSI,S&P 400,6.0,16.0,1.0,8.0,1.3333333333333333
MAC,S&P 600,6.0,20.0,1.0,10.0,1.6666666666666667
VRE,S&P 600,9.0,29.0,1.0,9.0,1.0
M,S&P 400,11.0,36.0,1.0,14.0,1.2727272727272727
SHOO,S&P 600,6.0,20.0,1.0,11.0,1.8333333333333333
MSGS,S&P 600,2.0,8.0,1.0,18.0,9.0
MANH,S&P 400,4.0,14.0,1.0,8.0,2.0
MAN,S&P 400,8.0,29.0,1.0,12.0,1.5
MRO,S&P 500,9.0,30.0,1.0,8.0,0.8888888888888888
MPC,S&P 500,9.0,31.0,1.0,12.0,1.3333333333333333
MMI,S&P 600,6.0,19.0,1.0,8.0,1.3333333333333333
MCS,S&P 600,7.0,12.0,1.0,10.0,1.4285714285714286
HZO,S&P 600,3.0,15.0,1.0,12.0,4.0
MKTX,S&P 500,8.0,23.0,1.0,11.0,1.375
VAC,S&P 400,3.0,10.0,1.0,10.0,3.3333333333333335
MMC,S&P 500,14.0,44.0,1.0,14.0,1.0
MAR,S&P 500,10.0,30.0,1.0,13.0,1.3
MRTN,S&P 600,3.0,8.0,1.0,8.0,2.6666666666666665
MLM,S&P 500,8.0,27.0,1.0,10.0,1.25
MAS,S&P 500,6.0,24.0,1.0,9.0,1.5
MASI,S&P 400,6.0,13.0,1.0,7.0,1.1666666666666667
MTZ,S&P 400,8.0,19.0,1.0,8.0,1.0
MA,S&P 500,4.0,25.0,1.0,12.0,3.0
MBC,S&P 600,3.0,6.0,1.0,6.0,2.0
MTDR,S&P 400,8.0,24.0,1.0,10.0,1.25
MTCH,S&P 500,7.0,24.0,1.0,10.0,1.4285714285714286
MTRN,S&P 600,10.0,21.0,1.0,9.0,0.9
MATX,S&P 600,4.0,17.0,1.0,7.0,1.75
MAT,S&P 400,13.0,33.0,1.0,11.0,0.8461538461538461
MATW,S&P 600,7.0,21.0,1.0,10.0,1.4285714285714286
MXL,S&P 600,5.0,13.0,1.0,8.0,1.6
MMS,S&P 400,5.0,13.0,1.0,8.0,1.6
MKC,S&P 500,5.0,23.0,1.0,11.0,2.2
MCD,S&P 500,10.0,36.0,1.0,13.0,1.3
MCK,S&P 500,9.0,31.0,1.0,11.0,1.2222222222222223
MPW,S&P 400,7.0,15.0,1.0,9.0,1.2857142857142858
MED,S&P 600,7.0,32.0,1.0,7.0,1.0
MD,S&P 600,11.0,30.0,1.0,8.0,0.7272727272727273
MEDP,S&P 400,3.0,11.0,1.0,7.0,2.3333333333333335
MERC,S&P 600,5.0,21.0,1.0,11.0,2.2
MRK,S&P 500,19.0,46.0,1.0,13.0,0.6842105263157895
MRCY,S&P 600,7.0,29.0,1.0,9.0,1.2857142857142858
MCY,S&P 600,4.0,16.0,1.0,8.0,2.0
MMSI,S&P 600,8.0,20.0,1.0,10.0,1.25
MTH,S&P 600,6.0,13.0,1.0,11.0,1.8333333333333333
MLAB,S&P 600,4.0,14.0,1.0,6.0,1.5
CASH,S&P 600,7.0,17.0,1.0,8.0,1.1428571428571428
MEI,S&P 600,6.0,26.0,1.0,11.0,1.8333333333333333
MET,S&P 500,12.0,41.0,1.0,14.0,1.1666666666666667
MTD,S&P 500,4.0,20.0,1.0,8.0,2.0
MSFT,S&P 500,7.0,29.0,1.0,12.0,1.7142857142857142
MCHP,S&P 500,4.0,8.0,1.0,7.0,1.75
MU,S&P 500,7.0,23.0,1.0,8.0,1.1428571428571428
MAA,S&P 500,13.0,40.0,1.0,13.0,1.0
MIDD,S&P 400,4.0,13.0,1.0,7.0,1.75
MSEX,S&P 600,8.0,15.0,1.0,9.0,1.125
MLKN,S&P 600,9.0,24.0,1.0,9.0,1.0
MTX,S&P 600,5.0,23.0,1.0,9.0,1.8
MCW,S&P 600,3.0,8.0,1.0,9.0,3.0
MRNA,S&P 500,7.0,28.0,1.0,9.0,1.2857142857142858
MODV,S&P 600,3.0,16.0,0.0,10.0,3.3333333333333335
MC,S&P 600,3.0,13.0,1.0,5.0,1.6666666666666667
MHK,S&P 500,3.0,13.0,1.0,8.0,2.6666666666666665
MOH,S&P 500,10.0,18.0,1.0,9.0,0.9
TAP,S&P 500,6.0,30.0,1.0,14.0,2.3333333333333335
MCRI,S&P 600,9.0,7.0,1.0,5.0,0.5555555555555556
MDLZ,S&P 500,10.0,35.0,1.0,9.0,0.9
MPWR,S&P 500,4.0,11.0,1.0,8.0,2.0
MNRO,S&P 600,7.0,19.0,1.0,8.0,1.1428571428571428
MNST,S&P 500,5.0,10.0,1.0,10.0,2.0
MCO,S&P 500,9.0,22.0,1.0,10.0,1.1111111111111112
MOG.A,S&P 600,6.0,19.0,1.0,9.0,1.5
MS,S&P 500,9.0,42.0,1.0,14.0,1.5555555555555556
MORN,S&P 400,3.0,12.0,1.0,10.0,3.3333333333333335
MOS,S&P 500,8.0,28.0,1.0,11.0,1.375
MPAA,,4.0,9.0,,,
MSI,S&P 500,11.0,56.0,1.0,8.0,0.7272727272727273
MOV,S&P 600,5.0,11.0,1.0,8.0,1.6
MLI,S&P 600,9.0,14.0,1.0,8.0,0.8888888888888888
COOP,S&P 600,6.0,13.0,1.0,8.0,1.3333333333333333
MUR,S&P 400,11.0,26.0,1.0,10.0,0.9090909090909091
MUSA,S&P 400,6.0,21.0,1.0,11.0,1.8333333333333333
MYE,S&P 600,6.0,24.0,1.0,8.0,1.3333333333333333
MYGN,S&P 600,8.0,18.0,1.0,9.0,1.125
NBTB,S&P 600,6.0,30.0,1.0,12.0,2.0
NABL,S&P 600,4.0,8.0,1.0,7.0,1.75
VYX,S&P 400,8.0,36.0,1.0,11.0,1.375
NMIH,S&P 600,4.0,10.0,1.0,9.0,2.25
NRG,S&P 500,12.0,36.0,1.0,10.0,0.8333333333333334
NVR,S&P 500,8.0,21.0,1.0,10.0,1.25
NVEE,S&P 600,3.0,8.0,1.0,8.0,2.6666666666666665
NOV,S&P 400,5.0,21.0,1.0,8.0,1.6
NDAQ,S&P 500,11.0,52.0,1.0,11.0,1.0
NBHC,S&P 600,3.0,10.0,1.0,8.0,2.6666666666666665
FIZZ,S&P 600,4.0,7.0,1.0,5.0,1.25
NHC,S&P 600,3.0,7.0,1.0,8.0,2.6666666666666665
NFG,S&P 400,9.0,36.0,1.0,11.0,1.2222222222222223
NATI,S&P 400,3.0,15.0,1.0,8.0,2.6666666666666665
NPK,S&P 600,3.0,4.0,1.0,5.0,1.6666666666666667
NNN,S&P 400,4.0,18.0,1.0,9.0,2.25
NSA,S&P 400,5.0,9.0,1.0,10.0,2.0
EYE,S&P 600,7.0,22.0,1.0,9.0,1.2857142857142858
DNOW,S&P 600,4.0,10.0,1.0,8.0,2.0
NAVI,S&P 600,9.0,21.0,1.0,10.0,1.1111111111111112
NKTR,,5.0,15.0,,,
NEOG,S&P 400,6.0,19.0,1.0,9.0,1.5
NEO,S&P 600,10.0,26.0,1.0,8.0,0.8
NTAP,S&P 500,8.0,25.0,1.0,9.0,1.125
NFLX,S&P 500,5.0,17.0,1.0,12.0,2.4
NTGR,S&P 600,5.0,19.0,1.0,8.0,1.6
NTCT,S&P 600,6.0,14.0,1.0,10.0,1.6666666666666667
NBIX,S&P 400,5.0,14.0,1.0,9.0,1.8
NJR,S&P 400,7.0,28.0,1.0,10.0,1.4285714285714286
NYCB,S&P 400,13.0,37.0,1.0,14.0,1.0769230769230769
NYMT,S&P 600,4.0,12.0,1.0,7.0,1.75
NYT,S&P 400,7.0,40.0,1.0,12.0,1.7142857142857142
NWL,S&P 600,8.0,38.0,1.0,11.0,1.375
NEU,S&P 400,5.0,11.0,1.0,7.0,1.4
NEM,S&P 500,12.0,50.0,1.0,12.0,1.0
NWSA,S&P 500,3.0,9.0,1.0,7.0,2.3333333333333335
NEX,S&P 600,4.0,19.0,1.0,11.0,2.75
NXST,S&P 400,3.0,12.0,1.0,9.0,3.0
NEE,S&P 500,7.0,35.0,1.0,12.0,1.7142857142857142
NXRT,S&P 600,4.0,5.0,1.0,7.0,1.75
,S&P 600,776.0,17673.0,1.0,53.0,0.06829896907216494
NKE,S&P 500,9.0,32.0,1.0,13.0,1.4444444444444444
NI,S&P 500,14.0,35.0,1.0,12.0,0.8571428571428571
NDSN,S&P 500,7.0,27.0,1.0,9.0,1.2857142857142858
JWN,S&P 400,8.0,35.0,1.0,11.0,1.375
NSC,S&P 500,11.0,36.0,1.0,13.0,1.1818181818181819
NOG,S&P 600,7.0,15.0,1.0,8.0,1.1428571428571428
NTRS,S&P 500,10.0,31.0,1.0,12.0,1.2
OUT,S&P 600,3.0,8.0,1.0,8.0,2.6666666666666665
NFBK,S&P 600,7.0,15.0,1.0,10.0,1.4285714285714286
NOC,S&P 500,10.0,32.0,0.0,13.0,1.3
NWBI,S&P 600,11.0,26.0,1.0,11.0,1.0
NWN,S&P 600,12.0,27.0,1.0,11.0,0.9166666666666666
NWE,S&P 400,8.0,16.0,1.0,10.0,1.25
GEN,S&P 500,8.0,49.0,1.0,10.0,1.25
NOVT,S&P 400,4.0,17.0,1.0,8.0,2.0
NUS,S&P 600,8.0,31.0,1.0,9.0,1.125
NUE,S&P 500,3.0,22.0,1.0,8.0,2.6666666666666665
NVDA,S&P 500,3.0,16.0,1.0,13.0,4.333333333333333
,S&P 600,776.0,17673.0,1.0,53.0,0.06829896907216494
OGE,S&P 400,6.0,25.0,1.0,10.0,1.6666666666666667
OI,S&P 600,6.0,31.0,1.0,10.0,1.6666666666666667
ORLY,S&P 500,4.0,10.0,0.0,10.0,2.5
OFG,S&P 600,6.0,26.0,1.0,7.0,1.1666666666666667
OSIS,S&P 600,8.0,9.0,1.0,6.0,0.75
CHRD,S&P 400,9.0,31.0,1.0,10.0,1.1111111111111112
OXY,S&P 500,16.0,30.0,1.0,10.0,0.625
OII,S&P 600,4.0,14.0,1.0,8.0,2.0
PYPL,S&P 500,4.0,11.0,1.0,12.0,3.0
OPI,S&P 600,3.0,7.0,1.0,9.0,3.0
OIS,S&P 600,5.0,16.0,1.0,7.0,1.4
ODFL,S&P 500,7.0,18.0,1.0,11.0,1.5714285714285714
ONB,S&P 400,16.0,38.0,1.0,16.0,1.0
ORI,S&P 400,6.0,27.0,1.0,13.0,2.1666666666666665
OGS,S&P 400,4.0,11.0,1.0,8.0,2.0
OLN,S&P 400,6.0,29.0,1.0,8.0,1.3333333333333333
OLLI,S&P 400,3.0,10.0,1.0,8.0,2.6666666666666665
ZEUS,S&P 600,5.0,16.0,1.0,9.0,1.8
OMC,S&P 500,7.0,23.0,1.0,10.0,1.4285714285714286
PAYO,S&P 600,4.0,13.0,1.0,9.0,2.25
OHI,S&P 400,5.0,16.0,1.0,8.0,1.6
OMCL,S&P 600,5.0,27.0,1.0,9.0,1.8
ON,S&P 500,10.0,28.0,1.0,9.0,0.9
OKE,S&P 500,5.0,27.0,1.0,10.0,2.0
OSPN,S&P 600,5.0,16.0,1.0,8.0,1.6
ONTO,S&P 400,6.0,24.0,1.0,8.0,1.3333333333333333
ORCL,S&P 500,8.0,18.0,1.0,15.0,1.875
OPRX,,4.0,7.0,,,
OPCH,S&P 400,12.0,36.0,1.0,10.0,0.8333333333333334
OSUR,S&P 600,5.0,24.0,1.0,6.0,1.2
ORGO,,3.0,13.0,,,
OGN,S&P 600,4.0,20.0,1.0,13.0,3.25
ONL,S&P 600,3.0,4.0,1.0,5.0,1.6666666666666667
ORA,S&P 400,5.0,26.0,1.0,9.0,1.8
OFIX,S&P 600,10.0,34.0,1.0,9.0,0.9
OSK,S&P 400,13.0,43.0,1.0,10.0,0.7692307692307693
OTIS,S&P 500,3.0,10.0,1.0,10.0,3.3333333333333335
OTTR,S&P 600,5.0,22.0,1.0,10.0,2.0
OVV,S&P 400,8.0,36.0,0.0,12.0,1.5
OMI,S&P 600,12.0,57.0,1.0,9.0,0.75
OC,S&P 400,6.0,38.0,1.0,10.0,1.6666666666666667
OXM,S&P 600,5.0,21.0,1.0,11.0,2.2
PBF,S&P 400,4.0,20.0,1.0,10.0,2.5
CNXN,S&P 600,3.0,9.0,1.0,6.0,2.0
,S&P 400,776.0,17673.0,1.0,53.0,0.06829896907216494
PDFS,S&P 600,8.0,16.0,1.0,7.0,0.875
PCG,S&P 500,14.0,54.0,1.0,14.0,1.0
PGTI,S&P 600,5.0,11.0,1.0,10.0,2.0
PJT,S&P 600,3.0,7.0,1.0,7.0,2.3333333333333335
PNC,S&P 500,13.0,43.0,1.0,13.0,1.0
PNM,S&P 400,10.0,23.0,1.0,9.0,0.9
PPG,S&P 500,8.0,24.0,1.0,12.0,1.5
PPL,S&P 500,18.0,47.0,1.0,10.0,0.5555555555555556
PRAA,S&P 600,5.0,17.0,1.0,10.0,2.0
PVH,S&P 400,8.0,28.0,1.0,10.0,1.25
PTC,S&P 500,12.0,19.0,1.0,9.0,0.75
PCAR,S&P 500,5.0,25.0,1.0,12.0,2.4
PPBI,S&P 600,7.0,26.0,1.0,12.0,1.7142857142857142
PCRX,S&P 600,5.0,18.0,1.0,8.0,1.6
PKG,S&P 500,5.0,15.0,1.0,10.0,2.0
PACW,S&P 400,11.0,41.0,1.0,11.0,1.0
PANW,S&P 500,7.0,18.0,1.0,10.0,1.4285714285714286
PLMR,S&P 600,5.0,11.0,1.0,7.0,1.4
PZZA,S&P 600,7.0,25.0,1.0,7.0,1.0
PARR,S&P 600,5.0,14.0,1.0,11.0,2.2
PKE,,5.0,11.0,,,
PK,S&P 400,3.0,9.0,1.0,9.0,3.0
PRK,S&P 600,8.0,39.0,1.0,13.0,1.625
PH,S&P 500,7.0,25.0,1.0,13.0,1.8571428571428572
PATK,S&P 600,5.0,15.0,1.0,9.0,1.8
PDCO,S&P 400,10.0,21.0,1.0,9.0,0.9
PTEN,S&P 600,5.0,22.0,1.0,8.0,1.6
PAYX,S&P 500,8.0,18.0,1.0,12.0,1.5
PAYC,S&P 500,3.0,11.0,1.0,8.0,2.6666666666666665
PCTY,S&P 400,6.0,21.0,1.0,10.0,1.6666666666666667
PEB,S&P 600,3.0,8.0,1.0,7.0,2.3333333333333335
PENN,S&P 400,5.0,10.0,1.0,9.0,1.8
PNTG,,4.0,10.0,,,
PMT,S&P 600,15.0,28.0,1.0,10.0,0.6666666666666666
PAG,S&P 400,5.0,20.0,1.0,13.0,2.6
PEN,S&P 400,4.0,9.0,1.0,8.0,2.0
PEP,S&P 500,6.0,32.0,1.0,15.0,2.5
PRDO,S&P 600,7.0,19.0,1.0,9.0,1.2857142857142858
PRFT,S&P 600,6.0,15.0,1.0,8.0,1.3333333333333333
PFGC,S&P 400,8.0,21.0,1.0,11.0,1.375
RVTY,S&P 500,9.0,24.0,1.0,9.0,1.0
PR,S&P 400,5.0,17.0,1.0,10.0,2.0
PETS,,4.0,11.0,,,
PFE,S&P 500,8.0,39.0,1.0,12.0,1.5
PAHC,S&P 600,3.0,9.0,1.0,8.0,2.6666666666666665
PM,S&P 500,7.0,24.0,1.0,12.0,1.7142857142857142
PECO,S&P 600,3.0,8.0,1.0,7.0,2.3333333333333335
PSX,S&P 500,6.0,18.0,1.0,13.0,2.1666666666666665
PLAB,S&P 600,7.0,12.0,1.0,8.0,1.1428571428571428
DOC,S&P 400,15.0,48.0,1.0,9.0,0.6
PPC,S&P 400,6.0,17.0,1.0,9.0,1.5
PNFP,S&P 400,11.0,34.0,1.0,13.0,1.1818181818181819
PNW,S&P 500,7.0,26.0,1.0,11.0,1.5714285714285714
PXD,S&P 500,7.0,29.0,1.0,12.0,1.7142857142857142
PIPR,S&P 600,3.0,17.0,1.0,10.0,3.3333333333333335
PBI,S&P 600,8.0,34.0,1.0,13.0,1.625
PLNT,S&P 400,3.0,12.0,1.0,8.0,2.6666666666666665
PLXS,S&P 600,5.0,19.0,1.0,11.0,2.2
PII,S&P 400,8.0,29.0,1.0,10.0,1.25
POOL,S&P 500,6.0,13.0,1.0,9.0,1.5
POR,S&P 400,8.0,25.0,0.0,10.0,1.25
POST,S&P 400,4.0,15.0,1.0,10.0,2.5
PCH,S&P 400,5.0,27.0,1.0,10.0,2.0
POWL,S&P 600,5.0,17.0,1.0,8.0,1.6
POWI,S&P 400,5.0,15.0,1.0,7.0,1.4
PFBC,S&P 600,5.0,14.0,1.0,8.0,1.6
PINC,S&P 600,7.0,27.0,1.0,9.0,1.2857142857142858
PBH,S&P 600,8.0,26.0,1.0,7.0,0.875
TROW,S&P 500,6.0,32.0,1.0,11.0,1.8333333333333333
PSMT,S&P 600,12.0,22.0,1.0,10.0,0.8333333333333334
PRI,S&P 400,7.0,26.0,1.0,10.0,1.4285714285714286
PFG,S&P 500,9.0,31.0,1.0,12.0,1.3333333333333333
PRA,S&P 600,5.0,27.0,1.0,12.0,2.4
PG,S&P 500,12.0,41.0,1.0,14.0,1.1666666666666667
PRVA,S&P 600,4.0,11.0,1.0,9.0,2.25
PRG,S&P 600,7.0,23.0,1.0,9.0,1.2857142857142858
PRGS,S&P 600,6.0,17.0,1.0,9.0,1.5
PGR,S&P 500,8.0,28.0,1.0,12.0,1.5
PGNY,S&P 400,3.0,9.0,1.0,10.0,3.3333333333333335
PLD,S&P 500,7.0,25.0,1.0,11.0,1.5714285714285714
PUMP,S&P 600,4.0,17.0,1.0,9.0,2.25
PB,S&P 400,6.0,14.0,1.0,14.0,2.3333333333333335
PRLB,S&P 600,4.0,13.0,1.0,8.0,2.0
PFS,S&P 600,10.0,27.0,1.0,11.0,1.1
PRU,S&P 500,9.0,32.0,1.0,9.0,1.0
PEG,S&P 500,10.0,27.0,1.0,10.0,1.0
PSA,S&P 500,6.0,18.0,1.0,13.0,2.1666666666666665
PHM,S&P 500,8.0,32.0,1.0,10.0,1.25
KWR,S&P 600,6.0,20.0,1.0,10.0,1.6666666666666667
QRVO,S&P 500,4.0,12.0,1.0,9.0,2.25
QCOM,S&P 500,9.0,38.0,1.0,12.0,1.3333333333333333
QLYS,S&P 400,6.0,14.0,1.0,6.0,1.0
NX,S&P 600,4.0,16.0,1.0,9.0,2.25
PWR,S&P 500,9.0,22.0,1.0,10.0,1.1111111111111112
DGX,S&P 500,9.0,26.0,1.0,10.0,1.1111111111111112
QNST,S&P 600,4.0,14.0,1.0,9.0,2.25
RLI,S&P 400,7.0,26.0,1.0,11.0,1.5714285714285714
RES,S&P 600,9.0,27.0,1.0,10.0,1.1111111111111112
RH,S&P 400,3.0,9.0,1.0,9.0,3.0
RPM,S&P 400,5.0,29.0,1.0,11.0,2.2
RXO,S&P 600,3.0,7.0,0.0,9.0,3.0
RDN,S&P 600,14.0,24.0,1.0,11.0,0.7857142857142857
RDNT,S&P 600,4.0,7.0,1.0,6.0,1.5
RMBS,S&P 400,9.0,23.0,1.0,7.0,0.7777777777777778
RL,S&P 500,8.0,24.0,0.0,13.0,1.625
,S&P 600,776.0,17673.0,1.0,53.0,0.06829896907216494
RRC,S&P 400,7.0,24.0,1.0,7.0,1.0
RJF,S&P 500,12.0,25.0,1.0,10.0,0.8333333333333334
RYN,S&P 400,5.0,30.0,1.0,10.0,2.0
RYAM,S&P 600,5.0,17.0,0.0,9.0,1.8
RTX,S&P 500,12.0,43.0,1.0,13.0,1.0833333333333333
RBC,S&P 400,4.0,11.0,1.0,8.0,2.0
RMAX,S&P 600,4.0,20.0,1.0,11.0,2.75
RC,S&P 600,3.0,10.0,1.0,12.0,4.0
HOUS,S&P 600,6.0,17.0,1.0,12.0,2.0
O,S&P 500,7.0,20.0,1.0,11.0,1.5714285714285714
RWT,S&P 600,3.0,16.0,1.0,9.0,3.0
RRX,S&P 400,8.0,26.0,1.0,10.0,1.25
REG,S&P 500,8.0,32.0,1.0,11.0,1.375
REGN,S&P 500,5.0,20.0,1.0,12.0,2.4
RGNX,S&P 600,3.0,12.0,1.0,9.0,3.0
RF,S&P 500,7.0,45.0,1.0,13.0,1.8571428571428572
RGA,S&P 400,8.0,28.0,1.0,11.0,1.375
RS,S&P 400,4.0,19.0,1.0,9.0,2.25
RNST,S&P 600,7.0,27.0,1.0,13.0,1.8571428571428572
RGEN,S&P 400,6.0,18.0,1.0,8.0,1.3333333333333333
UPBD,S&P 600,6.0,22.0,1.0,7.0,1.1666666666666667
RSG,S&P 500,10.0,27.0,1.0,11.0,1.1
RMD,S&P 500,8.0,15.0,1.0,10.0,1.25
REZI,S&P 600,7.0,10.0,1.0,10.0,1.4285714285714286
RGP,S&P 600,12.0,41.0,0.0,10.0,0.8333333333333334
ROIC,S&P 600,3.0,12.0,1.0,9.0,3.0
REX,S&P 600,5.0,17.0,1.0,9.0,1.8
REXR,S&P 400,3.0,9.0,1.0,8.0,2.6666666666666665
RHI,S&P 500,7.0,32.0,1.0,8.0,1.1428571428571428
ROK,S&P 500,11.0,29.0,1.0,11.0,1.0
ROG,S&P 600,7.0,23.0,1.0,9.0,1.2857142857142858
ROL,S&P 500,7.0,16.0,1.0,11.0,1.5714285714285714
RCM,S&P 400,5.0,15.0,1.0,16.0,3.2
ROP,S&P 500,5.0,19.0,1.0,9.0,1.8
ROST,S&P 500,4.0,15.0,1.0,11.0,2.75
RGLD,S&P 400,4.0,15.0,1.0,7.0,1.75
RUTH,S&P 600,4.0,12.0,1.0,8.0,2.0
SHAK,S&P 600,3.0,14.0,1.0,12.0,4.0
R,S&P 400,9.0,40.0,1.0,11.0,1.2222222222222223
STBA,S&P 600,8.0,33.0,1.0,11.0,1.375
SPGI,S&P 500,7.0,31.0,1.0,13.0,1.8571428571428572
SBAC,S&P 500,5.0,13.0,1.0,9.0,1.8
SEIC,S&P 400,6.0,12.0,1.0,7.0,1.1666666666666667
SJW,S&P 600,7.0,22.0,1.0,8.0,1.1428571428571428
SLG,S&P 600,5.0,11.0,1.0,9.0,1.8
SLM,S&P 400,14.0,33.0,1.0,12.0,0.8571428571428571
SM,S&P 600,5.0,23.0,1.0,8.0,1.6
SPSC,S&P 600,5.0,16.0,1.0,7.0,1.4
SPXC,S&P 600,9.0,24.0,1.0,9.0,1.0
SBRA,S&P 400,3.0,10.0,1.0,8.0,2.6666666666666665
SABR,S&P 600,5.0,21.0,1.0,12.0,2.4
SAFE,S&P 600,7.0,26.0,1.0,7.0,1.0
SAFT,S&P 600,5.0,13.0,1.0,6.0,1.2
SAIA,S&P 400,3.0,17.0,1.0,10.0,3.3333333333333335
JOE,S&P 600,7.0,24.0,1.0,5.0,0.7142857142857143
CRM,S&P 500,9.0,21.0,1.0,13.0,1.4444444444444444
SBH,S&P 600,9.0,29.0,1.0,9.0,1.0
JBSS,S&P 600,6.0,9.0,1.0,10.0,1.6666666666666667
SANM,S&P 600,6.0,20.0,1.0,8.0,1.3333333333333333
BFS,S&P 600,4.0,14.0,1.0,13.0,3.25
SCSC,S&P 600,6.0,14.0,1.0,8.0,1.3333333333333333
HSIC,S&P 500,7.0,26.0,1.0,14.0,2.0
SLB,S&P 500,8.0,41.0,1.0,11.0,1.375
SCHL,S&P 600,10.0,26.0,1.0,9.0,0.9
SDGR,S&P 600,4.0,8.0,1.0,9.0,2.25
SCHW,S&P 500,5.0,30.0,1.0,17.0,3.4
MATV,S&P 600,5.0,21.0,1.0,9.0,1.8
SAIC,S&P 400,6.0,22.0,1.0,10.0,1.6666666666666667
LNW,S&P 400,7.0,35.0,1.0,10.0,1.4285714285714286
SMG,S&P 400,10.0,36.0,1.0,12.0,1.2
SSP,S&P 600,7.0,48.0,1.0,11.0,1.5714285714285714
SBCF,S&P 600,8.0,28.0,1.0,11.0,1.375
SEE,S&P 600,6.0,27.0,1.0,9.0,1.5
SENEA,,3.0,17.0,,,
SEM,S&P 600,6.0,13.0,1.0,11.0,1.8333333333333333
SIGI,S&P 400,8.0,30.0,1.0,13.0,1.625
SMTC,S&P 600,8.0,21.0,1.0,10.0,1.25
SRE,S&P 500,13.0,36.0,1.0,9.0,0.6923076923076923
SXT,S&P 600,6.0,25.0,1.0,10.0,1.6666666666666667
SCI,S&P 400,7.0,20.0,1.0,10.0,1.4285714285714286
SVC,S&P 600,7.0,30.0,1.0,7.0,1.0
NOW,S&P 500,3.0,13.0,1.0,11.0,3.6666666666666665
SFBS,S&P 600,3.0,8.0,1.0,6.0,2.0
SHEN,S&P 600,5.0,16.0,1.0,8.0,1.6
SHW,S&P 500,4.0,26.0,1.0,9.0,2.25
SCVL,S&P 600,3.0,9.0,1.0,7.0,2.3333333333333335
SWAV,S&P 400,4.0,9.0,1.0,9.0,2.25
SSTK,S&P 600,3.0,8.0,1.0,6.0,2.0
SLAB,S&P 400,10.0,24.0,1.0,9.0,0.9
SLGN,S&P 400,4.0,14.0,1.0,9.0,2.25
SFNC,S&P 600,8.0,29.0,1.0,17.0,2.125
SPG,S&P 500,10.0,37.0,1.0,13.0,1.3
SMPL,S&P 600,6.0,27.0,1.0,11.0,1.8333333333333333
SSD,S&P 400,11.0,18.0,1.0,8.0,0.7272727272727273
SLP,S&P 600,5.0,9.0,1.0,5.0,1.0
SITC,S&P 600,11.0,24.0,1.0,8.0,0.7272727272727273
SITM,S&P 600,3.0,5.0,1.0,8.0,2.6666666666666665
SIX,S&P 600,5.0,18.0,1.0,7.0,1.4
SKX,S&P 400,3.0,10.0,1.0,8.0,2.6666666666666665
SKYW,S&P 600,8.0,17.0,1.0,8.0,1.0
SWKS,S&P 500,4.0,17.0,1.0,9.0,2.25
SNBR,S&P 600,7.0,23.0,1.0,10.0,1.4285714285714286
AOS,S&P 500,12.0,37.0,1.0,10.0,0.8333333333333334
SJM,S&P 500,6.0,22.0,1.0,10.0,1.6666666666666667
SNA,S&P 500,9.0,24.0,1.0,10.0,1.1111111111111112
SEDG,S&P 600,4.0,10.0,1.0,7.0,1.75
SAH,S&P 600,3.0,14.0,1.0,10.0,3.3333333333333335
SON,S&P 400,7.0,37.0,1.0,11.0,1.5714285714285714
SONO,S&P 600,8.0,25.0,1.0,8.0,1.0
SHC,S&P 400,8.0,18.0,1.0,10.0,1.25
SSB,S&P 400,10.0,45.0,1.0,11.0,1.1
SO,S&P 500,13.0,45.0,1.0,16.0,1.2307692307692308
SBSI,S&P 600,7.0,23.0,1.0,15.0,2.142857142857143
LUV,S&P 500,8.0,29.0,1.0,14.0,1.75
SWX,S&P 400,8.0,30.0,1.0,11.0,1.375
SWN,S&P 400,6.0,20.0,1.0,9.0,1.5
SPTN,S&P 600,5.0,27.0,1.0,8.0,1.6
SR,S&P 400,8.0,23.0,1.0,9.0,1.125
SRC,S&P 400,,,1.0,9.0,
SFM,S&P 400,4.0,10.0,1.0,8.0,2.0
STAA,S&P 600,5.0,24.0,1.0,6.0,1.2
STAG,S&P 400,4.0,11.0,1.0,10.0,2.5
SMP,S&P 600,7.0,17.0,1.0,8.0,1.1428571428571428
SXI,S&P 600,8.0,19.0,1.0,8.0,1.0
SWK,S&P 500,7.0,38.0,1.0,10.0,1.4285714285714286
SBUX,S&P 500,7.0,28.0,1.0,8.0,1.1428571428571428
STWD,S&P 400,4.0,12.0,1.0,9.0,2.25
STT,S&P 500,10.0,39.0,1.0,12.0,1.2
STLD,S&P 500,3.0,19.0,1.0,10.0,3.3333333333333335
SCL,S&P 600,5.0,14.0,1.0,8.0,1.6
SRCL,S&P 400,6.0,27.0,1.0,10.0,1.6666666666666667
STEL,S&P 600,13.0,56.0,1.0,14.0,1.0769230769230769
STC,S&P 600,12.0,32.0,1.0,9.0,0.75
SF,S&P 400,8.0,25.0,1.0,12.0,1.5
SNEX,S&P 600,7.0,19.0,1.0,9.0,1.2857142857142858
STRA,S&P 600,5.0,28.0,1.0,11.0,2.2
LRN,S&P 600,4.0,22.0,1.0,10.0,2.5
SYK,S&P 500,6.0,17.0,1.0,10.0,1.6666666666666667
RGR,S&P 600,6.0,17.0,1.0,9.0,1.5
INN,S&P 600,3.0,8.0,1.0,8.0,2.6666666666666665
SNCY,S&P 600,5.0,11.0,1.0,8.0,1.6
RUN,S&P 400,4.0,10.0,1.0,9.0,2.25
SXC,S&P 600,5.0,20.0,1.0,8.0,1.6
SPWR,S&P 600,4.0,29.0,1.0,9.0,2.25
SHO,S&P 600,6.0,14.0,1.0,7.0,1.1666666666666667
SMCI,S&P 400,3.0,8.0,1.0,8.0,2.6666666666666665
SUPN,S&P 600,4.0,10.0,1.0,6.0,1.5
SRDX,S&P 600,7.0,19.0,1.0,6.0,0.8571428571428571
SLVM,S&P 600,3.0,10.0,1.0,11.0,3.6666666666666665
SYNA,S&P 400,4.0,14.0,1.0,8.0,2.0
SNPS,S&P 500,8.0,19.0,1.0,9.0,1.125
SNV,S&P 400,7.0,38.0,1.0,11.0,1.5714285714285714
SNX,S&P 400,4.0,20.0,1.0,11.0,2.75
SYF,S&P 500,5.0,16.0,1.0,10.0,2.0
SYY,S&P 500,12.0,39.0,0.0,11.0,0.9166666666666666
TJX,S&P 500,9.0,26.0,1.0,9.0,1.0
TKO,S&P 400,10.0,54.0,1.0,8.0,0.8
TMUS,S&P 500,7.0,32.0,1.0,13.0,1.8571428571428572
TPH,S&P 600,3.0,12.0,1.0,6.0,2.0
TTMI,S&P 600,4.0,16.0,1.0,9.0,2.25
TTWO,S&P 500,6.0,26.0,1.0,10.0,1.6666666666666667
TALO,S&P 600,14.0,33.0,1.0,8.0,0.5714285714285714
TNDM,S&P 600,4.0,15.0,1.0,10.0,2.5
SKT,S&P 600,6.0,13.0,1.0,9.0,1.5
TPR,S&P 500,7.0,26.0,1.0,9.0,1.2857142857142858
TGT,S&P 500,17.0,34.0,1.0,12.0,0.7058823529411765
TRGP,S&P 500,6.0,17.0,1.0,11.0,1.8333333333333333
TMHC,S&P 400,3.0,17.0,1.0,8.0,2.6666666666666665
TTGT,S&P 600,3.0,8.0,1.0,7.0,2.3333333333333335
TGNA,S&P 400,11.0,37.0,1.0,9.0,0.8181818181818182
TDY,S&P 500,4.0,20.0,1.0,11.0,2.75
TFX,S&P 500,6.0,25.0,1.0,9.0,1.5
TDS,S&P 600,8.0,15.0,1.0,12.0,1.5
TPX,S&P 400,4.0,17.0,1.0,7.0,1.75
THC,S&P 400,15.0,41.0,1.0,10.0,0.6666666666666666
TNC,S&P 600,5.0,22.0,1.0,9.0,1.8
TDC,S&P 400,6.0,20.0,1.0,9.0,1.5
TER,S&P 500,7.0,19.0,1.0,8.0,1.1428571428571428
TEX,S&P 400,10.0,22.0,1.0,8.0,0.8
TSLA,S&P 500,5.0,10.0,1.0,8.0,1.6
TTEK,S&P 400,5.0,15.0,1.0,8.0,1.6
TCBI,S&P 400,10.0,23.0,1.0,11.0,1.1
TXN,S&P 500,6.0,24.0,1.0,12.0,2.0
TXRH,S&P 400,3.0,10.0,1.0,7.0,2.3333333333333335
TXT,S&P 500,4.0,27.0,1.0,9.0,2.25
ODP,S&P 600,7.0,36.0,1.0,9.0,1.2857142857142858
TMO,S&P 500,9.0,33.0,1.0,11.0,1.2222222222222223
THO,S&P 400,8.0,28.0,1.0,8.0,1.0
DDD,S&P 600,11.0,20.0,1.0,10.0,0.9090909090909091
MMM,S&P 500,9.0,39.0,1.0,10.0,1.1111111111111112
THRY,S&P 600,3.0,7.0,1.0,7.0,2.3333333333333335
TKR,S&P 400,4.0,22.0,1.0,11.0,2.75
TMST,S&P 600,,,1.0,10.0,
TWI,S&P 600,7.0,12.0,1.0,7.0,1.0
TOL,S&P 400,13.0,18.0,1.0,10.0,0.7692307692307693
TMP,S&P 600,9.0,24.0,1.0,14.0,1.5555555555555556
TR,S&P 600,2.0,5.0,1.0,5.0,2.5
BLD,S&P 400,6.0,23.0,1.0,8.0,1.3333333333333333
TRMB,S&P 500,7.0,18.0,1.0,9.0,1.2857142857142858
TTC,S&P 400,7.0,23.0,1.0,11.0,1.5714285714285714
TNL,S&P 400,4.0,12.0,1.0,9.0,2.25
TSCO,S&P 500,7.0,22.0,1.0,8.0,1.1428571428571428
TDG,S&P 500,9.0,27.0,1.0,11.0,1.2222222222222223
TRV,S&P 500,8.0,36.0,1.0,14.0,1.75
TG,S&P 600,8.0,21.0,1.0,7.0,0.875
THS,S&P 600,3.0,39.0,1.0,8.0,2.6666666666666665
TREX,S&P 400,4.0,12.0,1.0,9.0,2.25
TRN,S&P 600,5.0,29.0,1.0,8.0,1.6
TFIN,S&P 600,6.0,16.0,1.0,11.0,1.8333333333333333
TGI,S&P 600,10.0,24.0,1.0,9.0,0.9
TRIP,S&P 600,4.0,16.0,1.0,10.0,2.5
TBI,S&P 600,7.0,21.0,1.0,8.0,1.1428571428571428
TRUP,S&P 600,3.0,15.0,1.0,8.0,2.6666666666666665
TFC,S&P 500,17.0,87.0,1.0,21.0,1.2352941176470589
TRST,S&P 600,11.0,26.0,1.0,9.0,0.8181818181818182
TRMK,S&P 600,11.0,37.0,1.0,11.0,1.0
TTEC,S&P 600,6.0,19.0,1.0,8.0,1.3333333333333333
TWO,S&P 600,4.0,12.0,1.0,8.0,2.0
TYL,S&P 500,4.0,21.0,1.0,8.0,2.0
TSN,S&P 500,13.0,43.0,1.0,13.0,1.0
UDR,S&P 500,7.0,19.0,1.0,10.0,1.4285714285714286
UFPT,S&P 600,3.0,14.0,1.0,7.0,2.3333333333333335
UGI,S&P 400,8.0,22.0,1.0,10.0,1.25
UMBF,S&P 400,9.0,35.0,1.0,12.0,1.3333333333333333
UFPI,S&P 400,4.0,17.0,1.0,9.0,2.25
USB,S&P 500,12.0,46.0,1.0,13.0,1.0833333333333333
USNA,S&P 600,7.0,14.0,1.0,8.0,1.1428571428571428
USPH,S&P 600,5.0,16.0,1.0,8.0,1.6
SLCA,S&P 600,5.0,13.0,1.0,6.0,1.2
ULTA,S&P 500,3.0,22.0,1.0,11.0,3.6666666666666665
UCTT,S&P 600,5.0,14.0,1.0,8.0,1.6
UAA,S&P 400,7.0,17.0,1.0,10.0,1.4285714285714286
UNF,S&P 600,5.0,15.0,1.0,9.0,1.8
UNP,S&P 500,7.0,30.0,1.0,10.0,1.4285714285714286
UIS,,9.0,33.0,,,
UCBI,S&P 600,6.0,26.0,1.0,11.0,1.8333333333333333
UBSI,S&P 400,6.0,27.0,1.0,15.0,2.5
UAL,S&P 500,7.0,46.0,1.0,13.0,1.8571428571428572
UFCS,S&P 600,7.0,23.0,1.0,11.0,1.5714285714285714
UNFI,S&P 600,6.0,20.0,1.0,11.0,1.8333333333333333
UPS,S&P 500,7.0,36.0,1.0,12.0,1.7142857142857142
URI,S&P 500,11.0,31.0,1.0,11.0,1.0
USFD,S&P 400,6.0,19.0,1.0,13.0,2.1666666666666665
X,S&P 400,13.0,73.0,1.0,13.0,1.0
UNIT,S&P 600,3.0,6.0,1.0,5.0,1.6666666666666667
UTHR,S&P 400,5.0,18.0,1.0,12.0,2.4
UNH,S&P 500,11.0,27.0,1.0,9.0,0.8181818181818182
UTL,S&P 600,5.0,22.0,1.0,11.0,2.2
UNVR,S&P 400,5.0,18.0,1.0,10.0,2.0
UVV,S&P 600,9.0,20.0,1.0,9.0,1.0
OLED,S&P 400,6.0,8.0,1.0,8.0,1.3333333333333333
UEIC,,6.0,10.0,,,
UHT,S&P 600,4.0,11.0,1.0,7.0,1.75
UVE,S&P 600,5.0,14.0,1.0,12.0,2.4
UHS,S&P 500,7.0,17.0,1.0,7.0,1.0
UNM,S&P 400,8.0,32.0,1.0,11.0,1.375
URBN,S&P 600,7.0,17.0,1.0,10.0,1.4285714285714286
UE,S&P 600,3.0,10.0,1.0,9.0,3.0
UBA,S&P 600,4.0,15.0,1.0,9.0,2.25
VFC,S&P 500,11.0,30.0,1.0,10.0,0.9090909090909091
MTN,S&P 400,4.0,26.0,1.0,10.0,2.5
VLO,S&P 500,10.0,27.0,1.0,11.0,1.1
VLY,S&P 400,9.0,32.0,1.0,13.0,1.4444444444444444
VMI,S&P 400,6.0,18.0,1.0,10.0,1.6666666666666667
VVV,S&P 400,3.0,10.0,1.0,8.0,2.6666666666666665
VNDA,S&P 600,3.0,15.0,1.0,6.0,2.0
VREX,S&P 600,4.0,8.0,1.0,7.0,1.75
VGR,S&P 600,6.0,10.0,1.0,9.0,1.5
VECO,S&P 600,8.0,19.0,1.0,9.0,1.125
VTR,S&P 500,9.0,26.0,1.0,11.0,1.2222222222222223
VRSN,S&P 500,5.0,19.0,1.0,8.0,1.6
VZ,S&P 500,8.0,31.0,1.0,12.0,1.5
VBTX,S&P 600,4.0,16.0,1.0,13.0,3.25
VRTV,S&P 600,3.0,14.0,1.0,9.0,3.0
VRSK,S&P 500,7.0,23.0,1.0,10.0,1.4285714285714286
VCEL,S&P 600,5.0,21.0,1.0,8.0,1.6
VRRM,S&P 600,3.0,9.0,0.0,7.0,2.3333333333333335
VRTX,S&P 500,9.0,32.0,1.0,9.0,1.0
VVI,S&P 600,4.0,26.0,1.0,9.0,2.25
VSAT,S&P 600,8.0,17.0,1.0,9.0,1.125
VIAV,S&P 600,5.0,23.0,1.0,9.0,1.8
PARA,S&P 500,3.0,25.0,1.0,11.0,3.6666666666666665
VTRS,S&P 500,10.0,15.0,1.0,11.0,1.1
VICI,S&P 500,4.0,7.0,1.0,7.0,1.75
VICR,S&P 600,2.0,7.0,1.0,12.0,6.0
VSCO,S&P 600,3.0,8.0,1.0,8.0,2.6666666666666665
VIR,S&P 600,4.0,12.0,1.0,11.0,2.75
V,S&P 500,4.0,21.0,1.0,10.0,2.5
VRTS,S&P 600,6.0,25.0,1.0,8.0,1.3333333333333333
VSH,S&P 400,7.0,25.0,1.0,11.0,1.5714285714285714
VSTO,S&P 600,4.0,13.0,1.0,8.0,2.0
VC,S&P 400,6.0,19.0,1.0,9.0,1.5
VST,S&P 400,9.0,15.0,1.0,11.0,1.2222222222222223
VNT,S&P 400,3.0,7.0,1.0,9.0,3.0
VNO,S&P 400,4.0,17.0,1.0,10.0,2.5
VOYA,S&P 400,9.0,24.0,1.0,12.0,1.3333333333333333
VMC,S&P 500,9.0,34.0,1.0,12.0,1.3333333333333333
WDFC,S&P 600,5.0,27.0,1.0,11.0,2.2
WSFS,S&P 600,10.0,31.0,1.0,12.0,1.2
WPC,S&P 400,8.0,32.0,1.0,11.0,1.375
WEC,S&P 500,8.0,27.0,1.0,12.0,1.5
WNC,S&P 600,6.0,24.0,1.0,9.0,1.5
WAB,S&P 500,5.0,22.0,1.0,9.0,1.8
WMT,S&P 500,11.0,46.0,1.0,11.0,1.0
WBA,S&P 500,8.0,32.0,1.0,10.0,1.25
WD,S&P 600,3.0,10.0,1.0,8.0,2.6666666666666665
WBD,S&P 500,5.0,23.0,1.0,13.0,2.6
HCC,S&P 600,10.0,40.0,1.0,6.0,0.6
WAFD,S&P 600,12.0,26.0,1.0,10.0,0.8333333333333334
ELME,S&P 600,5.0,19.0,1.0,6.0,1.2
WM,S&P 500,13.0,38.0,1.0,9.0,0.6923076923076923
WAT,S&P 500,7.0,18.0,1.0,9.0,1.2857142857142858
WSO,S&P 400,8.0,26.0,1.0,9.0,1.125
WTS,S&P 400,5.0,20.0,1.0,9.0,1.8
WBS,S&P 400,10.0,35.0,1.0,15.0,1.5
WERN,S&P 400,7.0,21.0,1.0,9.0,1.2857142857142858
WCC,S&P 400,5.0,23.0,1.0,9.0,1.8
WFC,S&P 500,13.0,60.0,1.0,13.0,1.0
WELL,S&P 500,9.0,35.0,1.0,10.0,1.1111111111111112
WEN,S&P 400,11.0,26.0,1.0,12.0,1.0909090909090908
WST,S&P 500,5.0,23.0,1.0,11.0,2.2
WABC,S&P 600,6.0,18.0,1.0,8.0,1.3333333333333333
WDC,S&P 500,7.0,25.0,1.0,9.0,1.2857142857142858
WU,S&P 400,6.0,22.0,1.0,9.0,1.5
WLK,S&P 400,5.0,18.0,1.0,12.0,2.4
WRK,S&P 500,5.0,19.0,1.0,12.0,2.4
WEX,S&P 400,13.0,31.0,1.0,11.0,0.8461538461538461
WY,S&P 500,8.0,31.0,1.0,9.0,1.125
WHR,S&P 500,4.0,26.0,1.0,12.0,3.0
WSR,S&P 600,3.0,11.0,1.0,6.0,2.0
XHR,S&P 600,4.0,10.0,1.0,8.0,2.0
WLY,S&P 600,7.0,31.0,1.0,10.0,1.4285714285714286
WMB,S&P 500,9.0,43.0,1.0,12.0,1.3333333333333333
WSM,S&P 400,5.0,31.0,1.0,7.0,1.4
WING,S&P 400,4.0,13.0,1.0,9.0,2.25
WGO,S&P 600,6.0,27.0,1.0,10.0,1.6666666666666667
WTFC,S&P 400,8.0,40.0,1.0,14.0,1.75
WT,S&P 600,5.0,18.0,1.0,12.0,2.4
WOLF,S&P 400,6.0,37.0,1.0,10.0,1.6666666666666667
WWW,S&P 600,5.0,26.0,1.0,10.0,2.0
WWD,S&P 400,5.0,23.0,1.0,8.0,1.6
WRLD,S&P 600,6.0,8.0,1.0,7.0,1.1666666666666667
WKC,S&P 600,5.0,17.0,1.0,9.0,1.8
WOR,S&P 600,6.0,19.0,1.0,11.0,1.8333333333333333
WW,,8.0,35.0,,,
WH,S&P 400,4.0,9.0,1.0,8.0,2.0
WYNN,S&P 500,3.0,21.0,1.0,8.0,2.6666666666666665
XPO,S&P 400,7.0,26.0,1.0,9.0,1.2857142857142858
XPEL,S&P 600,3.0,7.0,1.0,5.0,1.6666666666666667
XEL,S&P 500,7.0,34.0,1.0,12.0,1.7142857142857142
XNCR,S&P 600,5.0,14.0,1.0,7.0,1.4
XYL,S&P 500,8.0,22.0,1.0,10.0,1.25
XRX,S&P 600,8.0,37.0,1.0,8.0,1.0
XPER,S&P 600,3.0,4.0,1.0,5.0,1.6666666666666667
YELP,S&P 600,3.0,14.0,1.0,9.0,3.0
YETI,S&P 400,4.0,10.0,1.0,7.0,1.75
YUM,S&P 500,6.0,35.0,1.0,10.0,1.6666666666666667
ZIMV,,4.0,5.0,,,
ZBRA,S&P 500,6.0,13.0,1.0,10.0,1.6666666666666667
ZBH,S&P 500,8.0,20.0,1.0,10.0,1.25
ZION,S&P 500,8.0,24.0,1.0,11.0,1.375
ZTS,S&P 500,6.0,17.0,1.0,12.0,2.0
ZI,S&P 400,4.0,10.0,1.0,9.0,2.25
ZUMZ,S&P 600,3.0,16.0,1.0,8.0,2.6666666666666665
ZYXI,S&P 600,3.0,3.0,1.0,4.0,1.3333333333333333
ADNT,S&P 400,5.0,13.0,1.0,8.0,1.6
ALKS,S&P 600,7.0,20.0,1.0,14.0,2.0
ALLE,S&P 500,4.0,12.0,1.0,9.0,2.25
AMCR,S&P 500,7.0,25.0,1.0,10.0,1.4285714285714286
AON,S&P 500,7.0,33.0,1.0,12.0,1.7142857142857142
ACGL,S&P 500,10.0,33.0,1.0,13.0,1.3
AGO,S&P 600,7.0,22.0,1.0,11.0,1.5714285714285714
AXTA,S&P 400,6.0,22.0,1.0,10.0,1.6666666666666667
ACN,S&P 500,7.0,27.0,1.0,9.0,1.2857142857142858
CPRI,S&P 400,5.0,10.0,1.0,8.0,1.6
CWK,S&P 600,3.0,13.0,1.0,10.0,3.3333333333333335
ETN,S&P 500,7.0,27.0,1.0,10.0,1.4285714285714286
ESNT,S&P 400,6.0,11.0,1.0,9.0,1.5
EG,S&P 500,7.0,17.0,1.0,9.0,1.2857142857142858
FN,S&P 600,5.0,18.0,1.0,7.0,1.4
FDP,S&P 600,3.0,13.0,1.0,8.0,2.6666666666666665
G,S&P 400,8.0,68.0,1.0,10.0,1.25
HELE,S&P 400,7.0,20.0,1.0,9.0,1.2857142857142858
JHG,S&P 400,8.0,32.0,1.0,10.0,1.25
ICHR,S&P 600,5.0,11.0,1.0,10.0,2.0
WFRD,S&P 400,4.0,5.0,1.0,5.0,1.25
IVZ,S&P 500,7.0,30.0,1.0,12.0,1.7142857142857142
JRVR,S&P 600,4.0,11.0,1.0,8.0,2.0
JAZZ,S&P 400,5.0,20.0,1.0,12.0,2.4
JCI,S&P 500,12.0,43.0,1.0,11.0,0.9166666666666666
LIN,S&P 500,10.0,34.0,1.0,10.0,1.0
LIVN,S&P 400,4.0,15.0,1.0,9.0,2.25
MDT,S&P 500,12.0,31.0,1.0,11.0,0.9166666666666666
APTV,S&P 500,5.0,23.0,1.0,10.0,2.0
AOSL,S&P 600,4.0,13.0,1.0,9.0,2.25
QURE,S&P 600,,,1.0,9.0,
NBR,S&P 600,7.0,21.0,1.0,7.0,1.0
NCLH,S&P 500,4.0,18.0,1.0,8.0,2.0
NVT,S&P 400,7.0,20.0,1.0,10.0,1.4285714285714286
RNR,S&P 400,6.0,25.0,0.0,11.0,1.8333333333333333
STX,S&P 500,7.0,31.0,1.0,11.0,1.5714285714285714
PNR,S&P 500,7.0,29.0,1.0,9.0,1.2857142857142858
ST,S&P 400,6.0,20.0,1.0,9.0,1.5
SIG,S&P 600,9.0,21.0,1.0,12.0,1.3333333333333333
SPNT,S&P 600,9.0,22.0,1.0,9.0,1.0
SGH,S&P 600,4.0,11.0,1.0,7.0,1.75
STE,S&P 500,12.0,39.0,1.0,10.0,0.8333333333333334
TT,S&P 500,12.0,39.0,0.0,11.0,0.9166666666666666
TSE,S&P 600,6.0,18.0,1.0,11.0,1.8333333333333333
VAL,S&P 400,8.0,34.0,1.0,8.0,1.0
WTW,S&P 500,8.0,36.0,1.0,10.0,1.25
PRGO,S&P 400,6.0,31.0,1.0,10.0,1.6666666666666667
BG,S&P 500,10.0,31.0,1.0,11.0,1.1
CB,S&P 500,8.0,39.0,1.0,13.0,1.625
GRMN,S&P 500,4.0,9.0,1.0,6.0,1.5
TEL,S&P 500,3.0,22.0,1.0,12.0,4.0
LYB,S&P 500,8.0,20.0,1.0,11.0,1.375
NXPI,S&P 500,6.0,18.0,1.0,10.0,1.6666666666666667
,S&P 600,776.0,17673.0,1.0,53.0,0.06829896907216494
RCL,S&P 500,10.0,31.0,1.0,14.0,1.4
LPG,S&P 600,3.0,7.0,1.0,7.0,2.3333333333333335
