ticker,female_pct,diversity_board,roa
A,0.2727272727272727,False,0.1606949988260155
AA,0.3333333333333333,True,0.07577684306628843
AAL,0.25,False,0.1055558485987928
AAN,0.375,False,0.3224723786094237
AAON,0.25,False,0.2408042105861956
AAP,0.3333333333333333,False,0.08570753246716774
AAPL,0.3333333333333333,False,0.3482046905171705
AAT,0.4,False,
ABBV,0.2727272727272727,True,0.21939201076633
ABCB,0.1538461538461538,False,0.02627670769435157
ABG,0.3333333333333333,False,0.1672366450324513
ABM,0.3,False,0.1084202150449881
ABNB,0.25,False,0.1247105622036048
ABR,0.125,False,0.1235815602836879
ABT,0.4166666666666667,False,0.1491700739216376
ACA,0.3,True,0.0994072326803192
ACGL,0.2307692307692307,False,-0.01893473276584551
ACHC,0.2,False,0.1156240701215122
ACIW,0.2857142857142857,False,0.1078921765979403
ACLS,0.3333333333333333,False,0.2477907025835107
ACM,0.375,True,0.08606823857258616
ACN,0.5555555555555556,True,0.1207798969140657
ADBE,0.3333333333333333,True,0.263324891018821
ADC,0.2222222222222222,False,0.05615041037698742
ADEA,0.4,False,0.1908649891158809
ADI,0.3636363636363636,False,0.126825330877392
ADM,0.3636363636363636,True,0.09002534652442777
ADNT,0.25,False,
ADP,0.4166666666666667,False,0.08868354039663554
ADSK,0.4545454545454545,False,0.1399211012717592
ADTN,0.3333333333333333,False,0.02227890743562914
ADUS,0.4444444444444444,False,0.09843192811887166
AEE,0.2857142857142857,True,0.07615529814364672
AEIS,0.3,True,0.1238204322590602
AEL,0.2,False,0.01332423797744901
AEO,0.4285714285714285,False,0.1551231280518118
AEP,0.4615384615384615,False,0.07259377228580839
AES,0.5,False,0.09516866219891765
AFG,0.1818181818181818,False,0.0387257101439271
AFL,0.4545454545454545,True,0.02388419699264275
AGCO,0.3,True,0.196916970902548
AGO,0.2727272727272727,False,0.2709014392623857
AGTI,0.1818181818181818,False,0.1095874999546358
AGYS,0.1428571428571428,False,0.0734913815522568
AHCO,0.1111111111111111,False,0.1125933234646506
AHH,0.1111111111111111,False,0.1612870438936562
AIG,0.5,False,0.0214700392920369
AIN,0.2222222222222222,False,0.1447348575867348
AIR,0.2,False,0.1052538890519519
AIRC,0.4444444444444444,False,0.02807143821134554
AIT,0.3333333333333333,True,0.2088284835474722
AIZ,0.3076923076923077,False,0.01672045930165162
AJG,0.2222222222222222,False,0.06480284954348198
AKAM,0.3,False,0.1492247133346965
AKR,0.2222222222222222,False,
ALB,0.3,True,0.2121403038291922
ALE,0.5,False,0.06275207591933571
ALEX,0.2857142857142857,False,0.03885064518826119
ALG,0.375,False,0.1702429117171219
ALGM,0.0909090909090909,False,0.3041924381439892
ALGN,0.375,False,0.1316574008013586
ALGT,0.25,False,0.07616699814287077
ALK,0.3636363636363636,False,0.07882858869104738
ALKS,0.3571428571428571,False,-0.06204835182028273
ALL,0.3333333333333333,False,-0.007973778730173204
ALLE,0.3333333333333333,False,0.02173292711398834
ALLY,0.2727272727272727,False,0.02298229662512703
ALRM,0.1428571428571428,False,0.06632315514918607
ALV,0.1818181818181818,False,0.1329313232830821
AM,0.2222222222222222,True,0.1195565613007342
AMAT,0.3,False,0.2851274910799756
AMBC,0.4285714285714285,False,0.01790372302584776
AMCR,0.4,False,0.02853523048435825
AMCX,0.1538461538461538,False,0.1186750774999404
AMD,0.3333333333333333,False,0.1417517718971487
AME,0.3333333333333333,False,0.1496235794961196
AMED,0.5555555555555556,False,0.1305108795154352
AMEH,0.3333333333333333,False,0.1198982553966386
AMG,0.375,False,0.0880445567777648
AMGN,0.2307692307692307,False,0.2126714945958732
AMKR,0.1818181818181818,False,0.2107076614114502
AMN,0.5555555555555556,False,0.2422479855416742
AMP,0.25,False,0.02309627716766706
AMPH,0.3,False,0.2369306336732766
AMR,0.2222222222222222,False,0.5079677967780363
AMSF,0.25,False,0.05161296600340644
AMT,0.4166666666666667,False,0.1310902564569086
AMWD,0.25,True,0.1456696836283762
AMZN,0.4545454545454545,False,0.1357883559527212
AN,0.25,False,0.2289855376451217
ANDE,0.2,False,0.07723724767203728
ANET,0.3333333333333333,False,0.2990860569599786
ANF,0.6666666666666666,False,0.07853885059081754
ANIK,0.375,False,-0.007734856708758042
ANIP,0.2222222222222222,False,0.0508289889892504
ANSS,0.3,False,0.1071559430409838
AON,0.4166666666666667,False,0.07902525401576795
AORT,0.2222222222222222,False,0.04058839967154049
AOS,0.3,False,0.2525457628923213
AOSL,0.3333333333333333,False,
APA,0.3,False,0.3841977720586854
APAM,0.375,True,0.2315498573343397
APD,0.25,False,0.1372647398179917
APH,0.3333333333333333,False,0.1987961845850303
APLE,0.3333333333333333,False,0.06831882116543872
APOG,0.3333333333333333,False,0.1823166162339571
APPS,0.375,False,0.05959412690927401
APTV,0.3,False,-0.5971950299770696
AR,0.375,True,0.245189083236589
ARCB,0.3333333333333333,False,0.2058991471004116
ARE,0.2857142857142857,False,-0.01884057971014493
ARI,0.4,False,-0.006517574546060303
ARLO,0.4285714285714285,False,-0.137633563253804
ARMK,0.3636363636363636,False,0.08081235846503673
AROC,0.2222222222222222,True,0.1190660656701966
ARR,0.2,False,
ARW,0.3,False,0.109912214716959
ARWR,0.25,False,-0.2641649245175442
ASB,0.3,False,0.01909857011447135
ASGN,0.2727272727272727,False,0.1405794858083673
ASH,0.3333333333333333,False,0.06698485845951284
ASIX,0.5,True,0.1323111097777826
ASO,0.4,False,0.177448989241936
ASTE,0.3,False,0.06988787772135352
ATEN,0.2,False,0.1463650795733347
ATGE,0.4,False,0.1127263723098863
ATI,0.3,False,0.1407701914593764
ATNI,0.4285714285714285,False,0.1039855804915956
ATO,0.2727272727272727,True,0.07476965365902723
ATR,0.4545454545454545,False,0.1506545414826824
AUB,0.25,False,0.0197258205386718
AVA,0.3636363636363636,False,0.06237958034965741
AVAV,0.2857142857142857,False,0.1527359008361722
AVB,0.25,False,
AVD,0.3333333333333333,False,0.09177787962178795
AVGO,0.3333333333333333,False,0.2800082129902128
AVID,0.3333333333333333,False,0.2233205628966272
AVNS,0.3333333333333333,False,0.08085169303563507
AVNT,0.25,False,0.08354390599187154
AVT,0.3,False,0.1140093251500687
AVTA,0.4444444444444444,False,-0.05386958762268855
AVY,0.3,False,0.1558093346573982
AWI,0.25,False,0.1763361334750389
AWK,0.6,False,0.08074406045491196
AWR,0.3333333333333333,False,0.1098696431665908
AX,0.2,False,0.03574380812562389
AXL,0.2,False,0.1243954118351765
AXON,0.4545454545454545,False,0.05319570027267082
AXP,0.2857142857142857,False,0.06082152346011699
AXTA,0.2222222222222222,True,
AYI,0.4,False,0.176085473311365
AZO,0.3,False,0.2540912342281918
AZPN,0.25,False,0.02144963870486849
AZTA,0.5,False,0.003938597742872368
AZZ,0.2,False,0.1273309952140094
B,0.3636363636363636,False,0.1047266377290706
BA,0.3076923076923077,False,-0.000863407484799675
BAC,0.3571428571428571,True,0.01571773722968009
BALL,0.4545454545454545,False,0.09563155450167453
BANC,0.3333333333333333,False,0.0139040948629137
BANF,0.1666666666666666,True,0.03148116580765573
BANR,0.3636363636363636,False,0.02092285642004885
BAX,0.4,False,0.1046142894123738
BBWI,0.4615384615384615,True,0.2901706886403767
BBY,0.5833333333333334,False,0.1668629635524431
BC,0.3,False,0.1803323889406151
BCC,0.25,False,0.4331782712104307
BCO,0.2222222222222222,False,0.112916194883408
BCPC,0.3333333333333333,False,0.1434197512108525
BDC,0.4,False,0.1484707309632531
BDN,0.2857142857142857,False,-0.1575060250330406
BDX,0.2727272727272727,False,0.09775431825491421
BEN,0.2727272727272727,False,0.06290283215713505
BERY,0.25,False,0.1191902930566735
BF.B,0.3636363636363636,False,
BFH,0.2857142857142857,False,0.05365821476480549
BFS,0.1538461538461538,False,
BG,0.3636363636363636,True,0.09794995038837072
BGS,0.3,False,0.0759859580394344
BHE,0.2222222222222222,True,0.0703163461093126
BHF,0.4444444444444444,False,-0.001002834000048595
BHLB,0.3333333333333333,False,0.01827522075003132
BIG,0.6,False,-0.03287450132472516
BIIB,0.2,False,0.1325931416297327
BIO,0.3333333333333333,False,0.04069038724083135
BJ,0.25,False,0.1564885078586043
BJRI,0.2727272727272727,False,0.06514573146354216
BK,0.3636363636363636,False,0.02241257851210315
BKE,0.3076923076923077,False,0.3780687349281731
BKH,0.3,False,0.07510271264595195
BKNG,0.3636363636363636,False,0.2834213816187442
BKR,0.3333333333333333,False,0.09220165622037871
BKU,0.4,False,0.01667521315400849
BLD,0.375,False,0.2158058215210029
BLDR,0.1,False,0.4077191288787917
BLFS,0.2857142857142857,False,-0.05351639272467999
BLK,0.3125,True,0.05423565115669141
BLKB,0.375,False,0.06812192098644364
BLMN,0.3,False,0.1529739235181783
BMI,0.3333333333333333,True,0.2100229089305414
BMY,0.3636363636363636,False,0.1896098603397199
BOH,0.3571428571428571,False,0.01596522584123397
BOOM,0.1666666666666666,False,0.116832994223505
BOOT,0.375,False,0.1738752704969972
BR,0.3636363636363636,False,0.1584886336619177
BRBR,0.5,False,0.4593937660852159
BRK.B,0.2666666666666666,False,
BRKL,0.2,False,0.02024453096831786
BRKR,0.3,False,0.1633538326378212
BRO,0.1666666666666666,False,0.085095907753504
BRX,0.375,False,-0.3380363190768759
BSIG,0.2,False,
BSX,0.2222222222222222,False,0.1179950114674471
BURL,0.3,False,0.09209790857511363
BWA,0.375,False,0.1317882570228485
BWXT,0.2222222222222222,False,0.1439744637358396
BXMT,0.4,False,
BXP,0.3636363636363636,True,
BYD,0.25,True,0.2065795556220549
C,0.5384615384615384,True,0.01608933051180638
CABO,0.625,False,0.1287025952254241
CACI,0.2727272727272727,False,0.1071883886602502
CADE,0.3333333333333333,False,0.01911685921048053
CAG,0.3636363636363636,False,0.09992424872492846
CAH,0.5454545454545454,True,0.0616530156366344
CAKE,0.3,False,0.05137776326425154
CAL,0.5454545454545454,False,0.1285539662439678
CALM,0.2857142857142857,False,0.4777948286738231
CALX,0.375,False,0.07359236695083486
CAR,0.3333333333333333,False,0.2039844432097785
CARA,0.3333333333333333,False,-0.7021075165603128
CARG,0.1666666666666666,False,0.1372185326404183
CARR,0.3333333333333333,False,0.126724990636794
CARS,0.2727272727272727,False,0.160203732637821
CASH,0.375,False,0.05854489614297548
CASY,0.4,False,0.1637115905319242
CAT,0.3636363636363636,True,0.1792951663381693
CATY,0.25,False,0.02885717775416573
CB,0.3076923076923077,False,0.05469540185170777
CBOE,0.25,False,0.1554392621622259
CBRE,0.2727272727272727,False,0.09049682706074626
CBRL,0.5,False,0.1011742730176457
CBSH,0.3076923076923077,False,0.0249816017698471
CBT,0.2727272727272727,True,0.187123018656193
CBU,0.25,False,0.02021382927841708
CC,0.4444444444444444,False,0.1288553803975326
CCI,0.3,False,0.09525140337170133
CCK,0.2307692307692307,False,0.1238131673216708
CCL,0.3636363636363636,False,
CCOI,0.3333333333333333,False,0.2064157109530521
CCRN,0.25,False,0.2696800050790261
CCS,0.1666666666666666,False,0.091543996317262
CCSI,0.3333333333333333,False,0.2661187884848803
CDAY,0.4,False,0.0154829836907396
CDMO,0.4285714285714285,False,-0.001122267203757022
CDNS,0.3,False,0.2622508791521651
CDP,0.3,False,0.1162790387176343
CDW,0.4,False,0.1578041714173308
CE,0.5,False,0.09726253039454075
CEG,0.3,True,0.03569421023046655
CEIX,0.3333333333333333,False,0.4135355422556911
CELH,0.3333333333333333,False,0.1025776374534422
CENT,0.2727272727272727,False,0.0959681112203764
CENX,0.2857142857142857,True,0.06035701370853742
CERT,0.3333333333333333,False,0.05760001452351837
CEVA,0.4285714285714285,False,0.004856472474026065
CF,0.2727272727272727,True,0.415777538198446
CFFN,0.125,False,-0.00916537313384598
CFG,0.3076923076923077,False,0.02162502132727583
CFR,0.1538461538461538,False,0.02052315985950327
CG,0.2307692307692307,True,
CGNX,0.2857142857142857,True,0.1052276212860225
CHCO,0.1666666666666666,False,0.0338811313007345
CHCT,0.3333333333333333,False,
CHD,0.3,False,0.1473739605069116
CHDN,0.2222222222222222,False,0.1131208915589221
CHE,0.2,False,0.3059486809337334
CHEF,0.2,False,0.1073612969887627
CHH,0.2727272727272727,True,0.2401440666798801
CHK,0.1428571428571428,False,0.3718182904552981
CHRD,0.5,False,0.4237622630584721
CHRS,0.25,False,-0.3721729136540056
CHRW,0.2727272727272727,False,0.2111962125527896
CHS,0.5555555555555556,False,0.1500924567212789
CHTR,0.0769230769230769,False,0.1473516971297567
CHUY,0.1666666666666666,False,0.08764412099721164
CHX,0.3333333333333333,False,0.1780836799484093
CI,0.3636363636363636,False,0.07523775068068288
CIEN,0.2222222222222222,False,0.09892469651987085
CINF,0.3333333333333333,False,0.05775461093017917
CIVI,0.3333333333333333,False,0.2877480912480568
CL,0.3636363636363636,False,0.2676626794635399
CLB,0.2857142857142857,True,0.1084499277802442
CLDT,0.2857142857142857,False,
CLF,0.3,True,0.07768299323255633
CLFD,0.25,False,0.1482267016736652
CLH,0.4545454545454545,True,0.1669700687266175
CLW,0.3333333333333333,False,0.1328382838283828
CLX,0.5,False,0.1763199206808229
CMA,0.3846153846153846,False,0.02657344669342425
CMC,0.5,False,0.2161225418742182
CMCSA,0.2,False,0.1387336359203271
CME,0.2608695652173913,False,0.02023823066779402
CMG,0.3333333333333333,False,0.2609869662970001
CMI,0.4166666666666667,False,0.1423373398403145
CMP,0.2,True,0.1022100245558284
CMS,0.3636363636363636,True,0.0785944830798922
CNC,0.3,True,0.06634617462802236
CNK,0.2727272727272727,False,0.06271676444391369
CNM,0.25,False,0.1833076808500075
CNMD,0.3333333333333333,False,0.06228266991701307
CNO,0.2222222222222222,False,0.02392961177706423
CNP,0.2222222222222222,True,0.07960705742027567
CNSL,0.25,False,0.08380288429278805
CNX,0.1428571428571428,False,0.3033438139422989
CNXC,0.625,False,0.1533862875735587
CNXN,0.3333333333333333,False,0.1214084405111925
COF,0.25,False,0.02138487590503528
COHR,0.2857142857142857,False,0.1006094875115623
COHU,0.25,False,0.1363841405943426
COKE,0.2727272727272727,False,0.2669222779468057
COLB,0.3571428571428571,False,0.02035858551301539
COLL,0.2222222222222222,False,0.2605700972238893
COLM,0.3333333333333333,False,0.1336310147708235
COO,0.5,False,0.08917896264556481
COOP,0.375,False,0.09095626389918458
COP,0.2307692307692307,True,0.2584606396330116
COR,0.3,True,0.05886319303825687
CORT,0.2222222222222222,False,0.2252136149628768
COST,0.2727272727272727,False,0.1530639831781316
COTY,0.5454545454545454,False,0.06939304293780295
CPB,0.3333333333333333,False,0.1466388308977035
CPE,0.375,False,0.367349821919439
CPF,0.3333333333333333,False,0.01882807907356495
CPK,0.4,False,0.09976388662506135
CPRI,0.5,False,
CPRT,0.1818181818181818,False,0.2819927334168124
CPRX,0.2857142857142857,False,0.3360742593142034
CPSI,0.2857142857142857,False,0.1243182903871116
CPT,0.3,False,0.1241369912790698
CRC,0.3333333333333333,True,0.4096731862775729
CRI,0.3636363636363636,False,0.1500324569944823
CRK,0.2,False,0.2196327308164559
CRL,0.2727272727272727,False,0.1317537315422605
CRM,0.3076923076923077,False,0.1000952959882778
CRMT,0.4285714285714285,False,-0.1121331509497326
CRNC,0.25,False,0.0005779633138551033
CROX,0.375,False,0.2355448629721349
CRS,0.3636363636363636,True,0.1072410783393442
CRSR,0.3,False,0.04781822013097625
CRUS,0.375,False,0.2000747008978914
CRVL,0.1666666666666666,False,0.2710756343854003
CSCO,0.3333333333333333,False,0.1872487283497521
CSGP,0.25,False,0.05352870851422035
CSGS,0.3,True,0.1462141975976751
CSL,0.2222222222222222,False,0.1278551303443937
CSR,0.5714285714285714,False,0.09633831835395575
CSX,0.2727272727272727,True,0.1727789797961031
CTAS,0.2,False,0.2467656490398842
CTKB,0.4285714285714285,False,-0.04006188358151228
CTRA,0.4,False,0.3452339341888451
CTRE,0.6,True,
CTS,0.1666666666666666,True,0.1733011313711672
CTSH,0.3076923076923077,True,0.1944365758313976
CTVA,0.3076923076923077,True,0.07831442463533225
CUBE,0.3333333333333333,False,0.1430026096585187
CUBI,0.1111111111111111,False,0.02106785129435438
CUZ,0.3333333333333333,True,-0.01545292477864578
CVBF,0.375,False,0.02433415806443532
CVCO,0.2857142857142857,False,0.2670069636090424
CVGW,0.3333333333333333,True,0.06361377168004143
CVLT,0.3333333333333333,False,0.09946535393977605
CVS,0.4545454545454545,False,0.0865906164232105
CVX,0.5,True,0.1942272895644771
CW,0.3,False,0.130453725267519
CWEN,0.0909090909090909,False,0.06547204709532428
CWK,0.4,False,0.2338035201597802
CWT,0.4444444444444444,False,0.05367890380385484
CXT,0.25,False,0.182110059255412
CXW,0.3,False,0.1411887448445401
CYH,0.1666666666666666,False,0.08385197082245868
CYTK,0.3,False,-0.3430731417697594
CZR,0.2222222222222222,True,0.1059177646524307
D,0.2727272727272727,True,0.03983429863112042
DAL,0.2307692307692307,False,0.09647045191983288
DAN,0.2,True,0.09598033825954791
DAR,0.3,False,0.106988255510441
DBI,0.3636363636363636,False,0.1180708237155124
DBX,0.375,False,0.171477408327152
DCI,0.3,False,0.2254617238957538
DCOM,0.1666666666666666,False,0.01699086064309636
DD,0.3333333333333333,True,0.0725230295651375
DDD,0.2,True,-0.04040295221922706
DE,0.3636363636363636,False,0.1790775666221918
DEA,0.25,False,
DECK,0.4,True,0.3048425416229585
DEI,0.2727272727272727,False,0.1329137975774823
DFIN,0.2222222222222222,False,0.2075037403613765
DFS,0.3333333333333333,False,0.04553832313301833
DG,0.3333333333333333,False,0.1460403577371592
DGII,0.1666666666666666,False,0.09844171925849372
DGX,0.4,False,0.1325000958478703
DHI,0.3333333333333333,False,0.1989782866041139
DHR,0.2857142857142857,False,0.1302422194897752
DIN,0.4,False,0.1139352069197059
DINO,0.1666666666666666,False,0.2127608930416315
DIOD,0.4285714285714285,False,0.201631300129302
DIS,0.4545454545454545,False,0.07018890056450233
DISH,0.2222222222222222,False,0.05492070449425305
DKS,0.2727272727272727,False,0.1823478086927732
DLB,0.3333333333333333,False,0.12183907964879
DLR,0.3333333333333333,False,
DLTR,0.4,True,0.1067869819029677
DLX,0.2222222222222222,False,0.1303935041835383
DNOW,0.375,False,0.1426066627703098
DOC,0.2222222222222222,False,-0.07262293793304811
DOCS,0.5,False,0.1408227000289797
DORM,0.25,False,0.1363837998657502
DOV,0.2222222222222222,False,0.1612522280363712
DOW,0.3333333333333333,False,0.0942475550349931
DPZ,0.3333333333333333,True,0.5051885485716868
DRH,0.25,False,-0.03841278377444013
DRI,0.3333333333333333,False,0.1547408145338195
DRQ,0.2857142857142857,False,0.02478416629389355
DT,0.25,False,0.05561429728735058
DTE,0.2,False,0.08502454457496632
DTM,0.2857142857142857,False,0.07368631825853142
DUK,0.3571428571428571,False,0.0655232113943659
DV,0.5,False,0.111378644821646
DVA,0.3333333333333333,False,0.1231238182729148
DVAX,0.3,False,0.1532587853321227
DVN,0.3636363636363636,False,0.3206277311728494
DXC,0.2727272727272727,False,0.09579614942610275
DXCM,0.3,False,0.1242735609324936
DXPE,0.1666666666666666,False,0.1432989411928584
DY,0.375,False,0.1800958174538173
EA,0.375,False,0.148428042114531
EAT,0.4444444444444444,False,0.1303858068149817
EBAY,0.4444444444444444,False,0.1311524647402605
EBS,0.2222222222222222,False,-0.008435374149659865
ECL,0.3846153846153846,False,0.1377178467063339
ECPG,0.3333333333333333,False,0.07076078344664934
ED,0.3636363636363636,True,0.06967537608867776
EEFT,0.25,False,0.1074921891429601
EFC,0.2,False,0.01349096034879976
EFX,0.4,False,0.1430886102847429
EG,0.3333333333333333,False,
EGBN,0.4444444444444444,False,0.02099999327773475
EGHT,0.4285714285714285,False,0.008680092491831005
EGP,0.2857142857142857,False,
EGRX,0.2857142857142857,False,0.3224951961836179
EHAB,0.3846153846153846,False,0.06071672409139264
EHC,0.3636363636363636,False,0.1740623046926578
EIG,0.3333333333333333,False,0.04690708116513743
EIX,0.4545454545454545,False,0.07528036385728125
EL,0.4,False,0.1153299492385787
ELF,0.6666666666666666,False,0.2645882627103508
ELME,0.3333333333333333,False,
ELS,0.3,False,
ELV,0.4545454545454545,False,0.1062651095101211
EMBC,0.3333333333333333,False,0.3105876216968011
EME,0.3333333333333333,False,0.1367906390601273
EMN,0.3333333333333333,True,0.1015385651281015
EMR,0.2727272727272727,True,0.09717156775230176
ENOV,0.4,False,0.03925855979277446
ENPH,0.1428571428571428,False,0.1958506728722333
ENR,0.3,False,0.1295572414856249
ENS,0.1818181818181818,False,0.1182033384790045
ENSG,0.375,False,0.1133022196983112
ENTA,0.2857142857142857,False,-0.3219253060517976
ENV,0.5555555555555556,False,0.04856952593027847
ENVA,0.2222222222222222,False,0.1286563955702916
EOG,0.3333333333333333,True,0.3259962280221452
EPAC,0.2222222222222222,True,0.1828767380152364
EPAM,0.3333333333333333,False,0.1790109690909928
EPC,0.2,False,0.09050417236845637
EPR,0.5,False,
EPRT,0.375,False,
EQH,0.3333333333333333,False,0.01111172191376688
EQIX,0.3636363636363636,False,0.129781384358455
EQR,0.3333333333333333,False,
EQT,0.5454545454545454,False,0.2102875978429947
ES,0.3636363636363636,False,0.06669875116989225
ESAB,0.3,False,0.129076369725602
ESE,0.2222222222222222,False,0.107929184131445
ESNT,0.2222222222222222,False,
ESS,0.4,False,
ETD,0.5,True,0.2034874992152035
ETN,0.3,False,0.1240301469873832
ETR,0.3333333333333333,False,0.07628757652708304
ETRN,0.375,True,0.1013303046289863
ETSY,0.4444444444444444,False,0.1673680479782162
EVR,0.3636363636363636,False,0.2061643553504453
EVRG,0.3636363636363636,True,0.07352959760068407
EVTC,0.2222222222222222,False,0.1940935396101767
EW,0.3333333333333333,False,0.2279950699906521
EWBC,0.3,False,0.02769837599559959
EXC,0.375,False,0.07399738360661
EXEL,0.2727272727272727,False,0.09928709671067251
EXLS,0.2857142857142857,False,0.2158129877139195
EXP,0.2,True,0.2723836417766188
EXPD,0.3333333333333333,False,0.2949477980264634
EXPE,0.4166666666666667,False,0.08512198014251679
EXPI,0.2857142857142857,False,0.02188696585346848
EXPO,0.6666666666666666,False,0.2414214755289566
EXR,0.3,False,0.06724649514824994
EXTR,0.2857142857142857,False,0.1394225091925363
EYE,0.4444444444444444,False,0.06242198478235207
F,0.2857142857142857,True,0.08087800825667857
FAF,0.3,False,0.03713631284030657
FANG,0.3333333333333333,True,0.3027542832357406
FARO,0.375,True,-0.02086918615570102
FAST,0.3,False,0.3685067136850672
FBIN,0.3,False,0.1158978710274607
FBK,0.2727272727272727,False,0.02144722029194856
FBNC,0.25,False,0.02130270346622525
FBP,0.3333333333333333,False,0.02991313108677648
FBRT,0.2857142857142857,False,
FCF,0.2666666666666666,False,0.02544413905411447
FCFS,0.2222222222222222,False,0.1166913723243668
FCN,0.3333333333333333,False,0.1229207796353741
FCPT,0.5,False,0.02304262013669208
FCX,0.4166666666666667,False,0.1592540164916205
FDP,0.375,False,
FDS,0.3333333333333333,False,0.1906770360176538
FDX,0.3076923076923077,False,0.1156664294945329
FE,0.2727272727272727,True,0.06515184618745903
FELE,0.25,False,0.1858747760329479
FF,0.1111111111111111,False,0.164344010195162
FFBC,0.3333333333333333,True,0.0264239938288985
FFIN,0.1818181818181818,False,0.02663668637100181
FFIV,0.2727272727272727,False,0.1220041527757019
FHB,0.3333333333333333,False,0.02182674453374353
FHN,0.2857142857142857,False,0.02404087194298598
FI,0.25,False,0.09374690760975392
FICO,0.375,False,0.4322352820305471
FIS,0.3333333333333333,True,0.02421597418285257
FITB,0.2857142857142857,False,0.02299267980352057
FIVE,0.2727272727272727,False,0.1454899122756635
FIX,0.2222222222222222,True,0.1455270376329992
FL,0.5,False,0.08107761385503529
FLGT,0.5,False,-0.03296825868200852
FLO,0.1818181818181818,False,0.1403359409991335
FLR,0.3333333333333333,False,0.02383435125875168
FLS,0.2727272727272727,False,0.09591383706572873
FLT,0.1818181818181818,False,0.1286532429375617
FMC,0.3,True,0.1288549618320611
FN,0.2857142857142857,False,-0.009211452433476779
FNB,0.2727272727272727,False,0.02128426401910386
FND,0.1818181818181818,False,0.1359377024202162
FNF,0.1818181818181818,False,0.02260120993388259
FORM,0.375,False,0.04135756649369599
FORR,0.25,False,0.09998548775500225
FOXA,0.1428571428571428,False,0.131474635906115
FOXF,0.2857142857142857,False,0.1728020008024734
FR,0.2857142857142857,False,
FRT,0.4285714285714285,False,
FSLR,0.25,False,0.01953932818351986
FSS,0.2857142857142857,True,0.1625924387203988
FTDR,0.2857142857142857,False,0.2657059220896195
FTNT,0.25,False,0.2039076898111837
FTV,0.3333333333333333,False,0.09885107305441143
FUL,0.4444444444444444,False,0.1104963413771026
FULT,0.3636363636363636,False,0.02225229524391687
FWRD,0.3333333333333333,False,0.2692017151217658
FYBR,0.4444444444444444,False,0.1051236625887539
G,0.5,True,0.3227936321619837
GATX,0.25,False,0.07114414924262123
GBCI,0.3,False,0.02003133748047113
GBX,0.3636363636363636,False,0.07972004751018533
GCI,0.4444444444444444,False,0.108312525583622
GCO,0.4444444444444444,False,0.06987177694050614
GD,0.2307692307692307,True,0.09770777369992235
GDDY,0.375,False,0.1034286270204161
GDEN,0.1666666666666666,False,0.1594016325281653
GDOT,0.1111111111111111,False,0.03160724831478352
GE,0.4,False,0.02517402293859543
GEF,0.2727272727272727,False,0.1448030304355814
GEHC,0.4,False,0.1056058842384061
GEN,0.4,False,0.1403534967057989
GEO,0.2222222222222222,False,0.09910117663840402
GES,0.2857142857142857,False,0.08662666460017876
GFF,0.2307692307692307,False,0.1919274593327327
GGG,0.2,False,0.2767858532886987
GHC,0.3333333333333333,False,0.04839081821907031
GIII,0.2857142857142857,False,0.1001750158984537
GILD,0.3333333333333333,False,0.1994294296680679
GIS,0.5454545454545454,False,0.1243794896804807
GKOS,0.375,False,-0.08881922489386916
GL,0.5,False,0.04835844922230646
GLPI,0.25,False,0.05152659079646325
GLW,0.2666666666666666,True,0.1013459212073531
GM,0.4615384615384615,False,0.09304871269090516
GME,0.1666666666666666,False,-0.02083604212716161
GMED,0.125,False,0.1650730511271732
GMS,0.2222222222222222,False,0.1873950366269525
GNL,0.5,False,0.09497121600848737
GNRC,0.2727272727272727,False,0.1317009754499462
GNTX,0.2222222222222222,False,0.2209437328959835
GNW,0.4444444444444444,False,0.01022557687230959
GO,0.3,False,0.07348407122754573
GOGO,0.1,False,0.2068416062234241
GOOGL,0.2727272727272727,True,
GPC,0.3076923076923077,False,0.1270473916492565
GPI,0.3333333333333333,False,0.1900713088257706
GPK,0.3,False,0.1799847065570637
GPN,0.2727272727272727,False,0.0808064476257945
GPRE,0.25,False,-0.002853314037563726
GPS,0.4166666666666667,True,0.07917109458023379
GRBK,0.4285714285714285,True,0.1974051411334671
GRMN,0.1666666666666666,False,-0.03955544508752609
GS,0.4166666666666667,False,0.03124467401813742
GSHD,0.2857142857142857,False,0.05775089917525388
GT,0.3333333333333333,False,0.06956824588326205
GTLS,0.4,False,0.08387295267396616
GTY,0.3333333333333333,False,0.1459385707386995
GVA,0.4,False,0.06632762692950445
GWW,0.3636363636363636,False,0.3376586741889986
GXO,0.5,True,0.07917143574997906
H,0.1818181818181818,False,0.06394301948701532
HA,0.25,False,-0.01149366707016726
HAE,0.25,False,0.1582909274958015
HAFC,0.3333333333333333,False,0.02367232078518121
HAIN,0.5,False,0.06165541274655646
HAL,0.2307692307692307,False,0.2080494547354215
HALO,0.5555555555555556,False,0.2495563385540778
HAS,0.6363636363636364,False,0.1039645580162188
HASI,0.3636363636363636,False,
HAYN,0.2,False,0.1138239442512043
HAYW,0.1818181818181818,False,0.07968544818974174
HBAN,0.3076923076923077,False,0.02332091596362441
HBI,0.3,False,0.08598782383099995
HCA,0.3,False,0.2336674465852085
HCC,0.3333333333333333,True,0.3440880557613942
HCI,0.3,True,-0.002462322297359845
HCSG,0.3333333333333333,False,0.09658388997605798
HD,0.3076923076923077,False,0.3348629558591525
HE,0.4,False,0.04210399633648625
HELE,0.4444444444444444,False,0.1161996210188761
HES,0.25,False,0.2613598673300166
HFWA,0.3636363636363636,False,0.01940605496113377
HGV,0.2222222222222222,False,0.1196665031878372
HI,0.5,False,0.1018140878579318
HIBB,0.5,False,0.2069667637921283
HIG,0.3636363636363636,False,0.03662510214478403
HII,0.3636363636363636,False,0.08136287469744927
HIW,0.125,False,
HLI,0.2727272727272727,False,0.1374562559475148
HLIT,0.5714285714285714,False,0.0931689727606548
HLT,0.4444444444444444,True,0.1457693923044616
HLX,0.375,False,0.0874493531287368
HMN,0.4444444444444444,False,0.001144475230417936
HMST,0.4285714285714285,False,0.01494198313901131
HNI,0.5,False,0.1459279074933809
HOG,0.2222222222222222,True,0.1149822088070346
HOLX,0.4444444444444444,False,0.1394030916229648
HOMB,0.125,False,0.02865278627196398
HON,0.3636363636363636,False,0.1422163394367233
HOPE,0.25,False,0.01853598604438274
HOUS,0.3333333333333333,False,0.03929391395987805
HP,0.1,False,0.206935014610036
HPE,0.4166666666666667,False,0.08852252441457524
HPP,0.3,True,-0.2301114278310443
HPQ,0.4615384615384615,False,0.1341492489867281
HQY,0.2727272727272727,True,0.07257709992916149
HR,0.3076923076923077,False,0.09741073851212233
HRB,0.4444444444444444,False,0.2772879117219246
HRL,0.3636363636363636,False,0.1025345972189618
HRMY,0.1111111111111111,False,0.2752009405289513
HSIC,0.2142857142857142,False,0.1215148221053559
HSII,0.4285714285714285,False,0.1082953636598616
HST,0.3333333333333333,False,0.06161379169641946
HSTM,0.375,False,0.1027817335605905
HSY,0.4545454545454545,False,0.2416394212063816
HTH,0.0588235294117647,False,0.01517912390532021
HTLD,0.1428571428571428,False,0.183834340748869
HTZ,0.3,False,0.1367921282598225
HUBB,0.2222222222222222,False,0.2012301957129544
HUBG,0.3,False,0.1896005110525904
HUM,0.25,True,0.1164694804928972
HVT,0.3333333333333333,False,0.181028622330575
HWC,0.3333333333333333,False,0.02459492800881489
HWKN,0.25,False,0.1944789668553188
HWM,0.3333333333333333,False,0.1243528377454332
HXL,0.375,True,0.1134867400916188
HZO,0.25,False,0.1316438778657346
IART,0.375,False,0.105013080633204
IBKR,0.2222222222222222,False,0.02741509703196347
IBM,0.1666666666666666,False,0.1019688096765926
IBOC,0.125,False,0.03168102967340389
IBP,0.3333333333333333,False,0.2482397249058457
IBTX,0.1818181818181818,False,0.01914899278160345
ICE,0.6,False,0.0286215702928635
ICHR,0.3,False,
ICUI,0.3333333333333333,False,0.07965991116992743
IDA,0.4166666666666667,False,0.06777745500324296
IDCC,0.2222222222222222,False,0.1670255350952752
IDXX,0.3,False,0.4300338396552994
IEX,0.3,False,0.1781759117980017
IFF,0.2727272727272727,True,0.06016309272123226
IIIN,0.1428571428571428,False,0.1044690391598441
IIPR,0.1666666666666666,False,
ILMN,0.25,False,0.0367955561683771
INCY,0.3333333333333333,False,0.1049989104444236
INDB,0.3333333333333333,False,0.02358434864523961
INGN,0.4285714285714285,False,-0.05579093045249365
INGR,0.3333333333333333,False,0.1529345559270416
INN,0.25,False,0.2246530337959549
INTC,0.1666666666666666,False,0.04747812787214189
INTU,0.4444444444444444,False,0.1499981980033878
INVA,0.5,False,0.1504278855580454
INVH,0.3,False,
IOSP,0.25,False,0.1291527031783195
IP,0.2727272727272727,False,0.1040282858836273
IPAR,0.1111111111111111,False,0.2108233377366046
IPG,0.4444444444444444,False,0.09741806162519803
IPGP,0.3,False,0.1325623708533571
IQV,0.4,False,0.1188979402073942
IR,0.2,True,0.1101751924507457
IRBT,0.5,False,-0.2365593007036806
IRDM,0.3333333333333333,False,0.1361119183499203
IRM,0.4,False,0.1407197436473534
IRT,0.3333333333333333,False,
IRWD,0.3333333333333333,False,0.2380188350191838
ISRG,0.3636363636363636,False,0.1181907703325725
IT,0.3333333333333333,False,0.1979747881793759
ITGR,0.3636363636363636,False,0.09024177290588814
ITOS,0.1111111111111111,False,0.1550610079996194
ITRI,0.375,False,0.06076094379010477
ITT,0.375,False,0.1657763318204335
ITW,0.3,False,0.2728434504792333
IVR,0.4285714285714285,False,
IVZ,0.3333333333333333,False,
J,0.2727272727272727,False,0.1032115143054427
JACK,0.3333333333333333,False,0.1088470216918839
JAZZ,0.3333333333333333,False,0.7546994364272467
JBGS,0.4,False,
JBHT,0.2222222222222222,False,0.276340656112042
JBL,0.25,False,0.1286630387573133
JBLU,0.2727272727272727,False,0.05395324303449315
JBSS,0.4,False,0.261775149564088
JBT,0.375,True,0.1049873859887444
JCI,0.3636363636363636,True,
JEF,0.3333333333333333,True,0.03991860793269576
JHG,0.4,False,
JJSF,0.25,False,0.1397938098036967
JKHY,0.3333333333333333,False,0.2610098916698931
JLL,0.3333333333333333,True,0.06228651215823827
JNJ,0.5,True,0.175616411655784
JNPR,0.3,False,0.08279481928438483
JPM,0.4166666666666667,False,0.02150853250026845
JRVR,0.25,False,0.08642203227535311
JWN,0.3636363636363636,False,0.1215577734910118
JXN,0.3333333333333333,False,0.006812032266854235
K,0.4545454545454545,False,0.06240257923555508
KALU,0.1818181818181818,False,0.05408928663804251
KAMN,0.5714285714285714,False,0.0734789254666602
KAR,0.2,False,0.04775776001972103
KBH,0.2727272727272727,False,0.1324796091773363
KBR,0.3,True,0.1056542225444001
KD,0.3,False,0.0551981036234338
KDP,0.3636363636363636,False,0.0709690526173224
KELYA,0.3333333333333333,False,0.03843003727051029
KEX,0.2727272727272727,False,0.07840115013553267
KEY,0.3076923076923077,True,0.01549416120763315
KEYS,0.2727272727272727,False,0.1850902806745724
KFY,0.3333333333333333,False,0.1067702579737803
KHC,0.3333333333333333,False,0.07055109767000364
KIM,0.25,False,
KLAC,0.3,False,0.3096361029516359
KLIC,0.1428571428571428,False,0.05907247045048918
KMB,0.5,False,0.2141075582210016
KMI,0.1428571428571428,False,0.09280472429065595
KMPR,0.2727272727272727,False,-0.007766918611626383
KMT,0.2,False,0.1291011994708596
KMX,0.2727272727272727,False,0.03307945645104007
KN,0.2222222222222222,False,0.08613609503014763
KNSL,0.2222222222222222,False,0.09730588780293377
KNX,0.2727272727272727,False,0.1536514321221025
KO,0.5384615384615384,True,0.143033503102337
KOP,0.3333333333333333,True,0.1208868970397452
KR,0.4545454545454545,False,0.1528527681521476
KRC,0.2857142857142857,True,-0.007857576142311001
KREF,0.375,False,
KRG,0.2307692307692307,False,-0.003917530951005751
KSS,0.3636363636363636,False,0.06886339598079896
KTB,0.1428571428571428,False,0.2533790648367645
KW,0.25,False,0.02521141520239806
KWR,0.2,True,0.1068305245541738
L,0.1818181818181818,False,0.02467896486539339
LAD,0.3333333333333333,False,0.1667845603838874
LAMR,0.3333333333333333,False,0.1528296346701197
LANC,0.2,False,0.1955152294124268
LBRT,0.2222222222222222,False,0.460182732992411
LCII,0.3,True,0.071813884572821
LDOS,0.25,False,0.1152733334610742
LEA,0.3,True,0.1187046210038531
LECO,0.3,False,0.2457336086680191
LEG,0.2727272727272727,True,0.1257361770255589
LEN,0.2,False,0.1627109150894005
LESL,0.375,False,0.1357094417802437
LFUS,0.25,False,0.1884226039545667
LGIH,0.2857142857142857,False,0.07479617435702922
LGND,0.1428571428571428,False,0.05529858778367075
LH,0.3636363636363636,False,0.136313069646403
LHX,0.3333333333333333,False,0.09136702135381132
LII,0.4444444444444444,False,0.3062845953985767
LIN,0.2,True,0.1614114482080614
LITE,0.4444444444444444,False,0.0304638143843162
LIVN,0.4444444444444444,False,
LKFN,0.1818181818181818,False,0.0263263241231098
LKQ,0.3333333333333333,False,0.1384506848967102
LLY,0.4166666666666667,False,0.1896419426315018
LMAT,0.25,False,0.1310226984013643
LMT,0.3076923076923077,True,0.1906829732248364
LNC,0.4545454545454545,False,-0.004642799300673165
LNN,0.25,False,0.1621684349449603
LNT,0.4444444444444444,False,0.08260150842029135
LNTH,0.3333333333333333,False,0.1097104769610836
LNW,0.3,False,0.1196372012669162
LOCO,0.3,False,0.07787752971914214
LOPE,0.5,False,0.3255921627930313
LOW,0.3333333333333333,True,0.3302395074025445
LPG,0.2857142857142857,False,0.01477262037014527
LPX,0.25,False,0.5994718309859155
LQDT,0.25,False,0.1270027760737791
LRCX,0.2727272727272727,False,0.2645055242102295
LRN,0.3,False,0.1497750873844189
LSCC,0.375,False,0.3243943718763596
LSI,0.25,False,0.1635232415843593
LSTR,0.375,False,0.3160581533807486
LTC,0.5,False,
LTHM,0.2222222222222222,True,0.052675238490253
LULU,0.5,True,0.4374496340735845
LUMN,0.3,False,0.1263637592445981
LUV,0.2142857142857142,False,0.07314864616452998
LVS,0.25,False,0.01795809777186565
LW,0.2727272727272727,False,0.2074374272955833
LXP,0.375,False,
LYB,0.2727272727272727,True,
LYV,0.1818181818181818,False,0.08637692776057432
LZB,0.6,False,0.1379919501931364
M,0.4285714285714285,False,0.1452867425121895
MA,0.3333333333333333,False,0.3773918668277196
MAA,0.3076923076923077,False,
MAC,0.3,False,0.04245944837182625
MAN,0.3333333333333333,True,0.0720865082303276
MANH,0.25,False,0.326330449941732
MAR,0.4615384615384615,True,0.1502938373570521
MAS,0.3333333333333333,False,0.2682194186422663
MASI,0.2857142857142857,False,0.09637382935286301
MAT,0.4545454545454545,False,0.1229407430059251
MATV,0.2222222222222222,False,0.06223044250394873
MATW,0.3,True,0.1110549388990152
MATX,0.4285714285714285,False,0.3503383978761327
MBC,0.3333333333333333,False,0.1327719856169705
MC,0.2,False,0.1161817805428139
MCD,0.3076923076923077,True,0.2262654389351222
MCHP,0.1428571428571428,True,0.2653221440590784
MCK,0.3636363636363636,True,0.08061153578874218
MCO,0.3,False,0.1603913328051259
MCRI,0.2,False,0.2331053549405546
MCS,0.2,False,0.09167688313141248
MCW,0.2222222222222222,False,0.09414998493001489
MCY,0.375,False,-0.05880524020274239
MD,0.25,False,0.08974139223386837
MDC,0.1818181818181818,False,0.1552779176511601
MDLZ,0.3333333333333333,True,0.09548304478105879
MDT,0.3636363636363636,False,0.158717391887182
MDU,0.4,True,0.09711577314054179
MED,0.2857142857142857,False,0.6342326322889202
MEDP,0.2857142857142857,False,0.2544620867284262
MEI,0.2727272727272727,False,0.0720883534136546
MERC,0.2727272727272727,False,0.05782482484047566
MET,0.3571428571428571,False,0.02252371313850548
META,0.4444444444444444,False,0.2603176281244305
MGM,0.3636363636363636,True,0.04293494922439062
MGPI,0.4444444444444444,False,0.1443530838395297
MHK,0.125,False,0.1082279290283996
MHO,0.2,False,0.1705132761504272
MIDD,0.2857142857142857,False,0.1224053970890892
MKC,0.3636363636363636,False,0.08510720034420896
MKSI,0.375,False,0.1064931039826437
MKTX,0.3636363636363636,False,0.2506905969517183
MLAB,0.3333333333333333,False,0.05806244563887519
MLI,0.125,False,0.4487606577870149
MLKN,0.4444444444444444,False,0.0860019027977964
MLM,0.3,False,0.1214530824754467
MMC,0.3571428571428571,True,0.1770474582629901
MMI,0.375,False,0.02407101537034412
MMM,0.3,True,0.1469693678036063
MMS,0.375,False,0.1197556787225085
MMSI,0.3,False,0.1339194386914071
MNRO,0.375,False,0.08296678614742402
MNST,0.3,False,0.2306115106770261
MO,0.4166666666666667,False,0.3291827878099932
MODG,0.3333333333333333,False,0.05393147093604485
MODV,0.2,False,0.1039628631456787
MOG.A,0.2222222222222222,False,
MOH,0.2222222222222222,False,0.1420568070519099
MORN,0.5,False,0.1079781262448847
MOS,0.2727272727272727,True,0.2585948782979323
MOV,0.25,False,0.1516765732585547
MP,0.2857142857142857,False,0.1270531187088239
MPC,0.25,True,0.2683242260139891
MPW,0.3333333333333333,False,
MPWR,0.25,False,0.2817777055776668
MRCY,0.2222222222222222,False,0.02714079909765743
MRK,0.4615384615384615,False,0.2267132782271427
MRNA,0.3333333333333333,False,0.03432534629023726
MRO,0.375,False,0.2760278134071424
MRTN,0.25,False,0.2161339061428522
MS,0.2857142857142857,True,0.02949832452506393
MSA,0.3,False,0.1649658878347783
MSCI,0.3333333333333333,False,0.253168483044653
MSEX,0.3333333333333333,False,0.06276319821645626
MSFT,0.4166666666666667,False,0.265684537908591
MSGS,0.0555555555555555,False,0.08232366766008829
MSI,0.25,False,0.1878174619045715
MSM,0.375,False,0.2149592646165352
MTB,0.2352941176470588,False,0.02457726986070232
MTCH,0.5,False,0.204639991209221
MTD,0.375,False,0.3634166095606915
MTDR,0.3,False,0.3107644294223066
MTG,0.3333333333333333,False,0.158047071259367
MTH,0.1818181818181818,True,0.2464535162558553
MTN,0.5,False,0.1361123163610767
MTRN,0.2222222222222222,False,0.1291070223317781
MTSI,0.25,False,0.1088215558032307
MTX,0.2222222222222222,False,0.0992178967506432
MTZ,0.25,True,0.08694281182446023
MU,0.5,True,0.05045312823184232
MUR,0.3,False,0.2053823162089724
MUSA,0.2727272727272727,False,0.2445016674405842
MXL,0.125,False,0.1129197589250682
MYE,0.25,False,0.1806964328440406
MYGN,0.3333333333333333,False,-0.06125188790065447
MYRG,0.25,False,0.135874918153138
NABL,0.1428571428571428,False,0.07158678432423418
NARI,0.3,False,-0.05182156990974024
NATI,0.25,False,0.1290177786053631
NAVI,0.4,False,0.04375793171110657
NBHC,0.25,False,0.0243085325966149
NBIX,0.3333333333333333,False,0.157511860832894
NBR,0.1428571428571428,False,0.1889807941874522
NBTB,0.1666666666666666,False,0.02288715633418746
NCLH,0.375,False,
NDAQ,0.3636363636363636,False,0.09418539394383037
NDSN,0.3333333333333333,True,0.1805469379071873
NEE,0.3333333333333333,False,0.09286013658440374
NEM,0.4166666666666667,True,0.1070510990579503
NEO,0.375,False,-0.02633565164473482
NEOG,0.2222222222222222,False,0.06895134461233007
NEU,0.1428571428571428,False,0.2400018518955027
NEX,0.1818181818181818,False,0.4592563535168801
NFBK,0.2,False,0.01470833476456111
NFG,0.1818181818181818,False,0.1440012877922708
NFLX,0.25,False,0.121975591474464
NGVT,0.3,True,0.1556538360631161
NHC,0.125,False,0.05251389180398222
NI,0.3333333333333333,True,0.08009578719086752
NJR,0.3,False,0.08749821859858088
NKE,0.3846153846153846,True,0.1700149000667934
NLY,0.3,False,
NMIH,0.3333333333333333,False,0.1692200174324101
NNN,0.3333333333333333,False,
NOC,0.4615384615384615,False,0.1145087682720597
NOG,0.25,False,0.7091944063999278
NOV,0.125,False,0.08184117091113438
NOVT,0.5,False,
NOW,0.3636363636363636,False,0.05984147404241192
NPK,0.2,False,0.07275982433057573
NPO,0.2,False,0.09153375106807178
NRG,0.4,False,-0.04249167338919018
NSA,0.2,False,
NSC,0.2307692307692307,False,0.1464236483381835
NSIT,0.4,False,0.08939274237773218
NSP,0.3,False,0.1497989841324244
NTAP,0.3333333333333333,False,0.1413240707138784
NTCT,0.3,False,0.054751998622173
NTGR,0.5,False,-0.02926309255129942
NTRS,0.25,False,0.02412482045095405
NUE,0.375,False,0.2461353058906475
NUS,0.3333333333333333,False,0.121384113795281
NVDA,0.2307692307692307,False,0.5054273273187808
NVEE,0.375,False,0.1221047328665845
NVR,0.3,False,0.3937196805408745
NVRI,0.2222222222222222,False,0.09788325142261303
NVST,0.375,False,0.07729624465621146
NVT,0.5,False,0.2419974694285614
NWBI,0.0909090909090909,False,0.02035958135277537
NWE,0.4,False,0.06804322005479599
NWL,0.2727272727272727,False,0.05432595573440644
NWN,0.4545454545454545,False,0.0693068081414958
NWSA,0.4285714285714285,False,0.08376779333372386
NX,0.2222222222222222,False,0.2051666066745513
NXPI,0.4,True,
NXRT,0.2857142857142857,False,
NXST,0.2222222222222222,False,0.1416049513841282
NYCB,0.2142857142857142,False,0.01278508502947352
NYMT,0.4285714285714285,False,
NYT,0.3333333333333333,False,0.1329385271466851
O,0.3636363636363636,False,0.0835260700183796
OC,0.3,False,0.2149564212452449
ODFL,0.1818181818181818,False,0.4006387616311897
ODP,0.3333333333333333,False,0.0975315347938922
OFG,0.2857142857142857,False,0.03963496209143698
OFIX,0.2222222222222222,True,-0.03685396363312012
OGE,0.3,False,0.09047238423855838
OGN,0.6923076923076923,False,0.1888129943900664
OGS,0.25,False,0.07518377846593317
OHI,0.375,False,
OI,0.2,False,0.1413622902270484
OII,0.25,True,0.1321905281904945
OIS,0.4285714285714285,False,0.05870501455719162
OKE,0.2,False,0.1417176335287517
OLED,0.375,False,0.193752579615312
OLLI,0.125,False,0.1074161424546873
OLN,0.25,False,0.2110321038458047
OMC,0.6,False,0.09526668233314704
OMCL,0.3333333333333333,False,0.03510250473308158
OMI,0.4444444444444444,False,0.06695570598098809
ON,0.2222222222222222,True,0.2716590254425744
ONB,0.3125,False,0.02197927079218803
ONL,0.2,False,0.326537029212644
ONTO,0.375,False,0.1632175036655361
OPCH,0.3,False,0.1059853098493849
OPI,0.4444444444444444,False,0.1820866378418934
ORA,0.3333333333333333,False,0.08612657579617355
ORCL,0.3333333333333333,False,0.1616950028931267
ORI,0.2307692307692307,False,0.04896077731055128
ORLY,0.3,False,0.2797060598864774
OSIS,0.1666666666666666,False,0.1152696490499057
OSK,0.2,True,0.1033196808925778
OSPN,0.25,False,-0.007186799202188519
OSUR,0.5,False,0.1843742056231406
OTIS,0.4,False,0.2199221904132717
OTTR,0.4,False,0.1624567468918546
OUT,0.25,False,0.07409334687402955
OVV,0.25,False,
OXM,0.2727272727272727,False,0.2481101076820133
OXY,0.3,True,0.2144864233251725
OZK,0.3076923076923077,False,0.03233295928296305
PACW,0.3636363636363636,False,-0.03218242790073776
PAG,0.2307692307692307,False,0.1158025757799416
PAHC,0.25,False,0.113530402595242
PANW,0.4,False,0.05136293810059541
PARA,0.6363636363636364,False,0.1456320021994639
PARR,0.0909090909090909,False,0.1777621144651642
PATK,0.1111111111111111,False,0.1825534383090776
PAYC,0.25,False,0.129729606747428
PAYO,0.3333333333333333,False,-0.0003748692647722348
PAYX,0.25,False,0.2189816466484322
PB,0.2142857142857142,False,0.02146421022524817
PBF,0.2,False,0.2781045133986311
PBH,0.4285714285714285,False,0.1083157161953815
PBI,0.4615384615384615,False,0.06083344714998801
PCAR,0.25,False,0.1753011619530533
PCG,0.2857142857142857,True,0.06591852088786374
PCH,0.3,False,0.1014838362025507
PCRX,0.125,True,0.09922836469692435
PCTY,0.2,False,0.04278840770109848
PDCO,0.3333333333333333,False,0.1266995873879336
PDFS,0.4285714285714285,False,0.03760654716393397
PEAK,0.375,False,-0.03500985924451835
PEB,0.2857142857142857,False,0.2067415568016086
PECO,0.2857142857142857,False,0.02575364781492643
PEG,0.4,True,0.08648325173724856
PEN,0.375,False,0.03254891055175161
PENN,0.4444444444444444,False,0.07479610796293187
PEP,0.3333333333333333,True,0.161071498233675
PFBC,0.125,False,0.03640388615148439
PFE,0.3333333333333333,True,0.2064883987637443
PFG,0.4166666666666667,False,0.01996000444644172
PFGC,0.2727272727272727,False,0.1021184226393858
PFS,0.1818181818181818,False,0.02093927588253279
PG,0.4285714285714285,True,0.1778547032604175
PGNY,0.2,False,0.05536201613449183
PGR,0.5,False,0.02356114334984342
PGTI,0.2,False,0.1599059315132518
PH,0.3846153846153846,False,0.1516787052539408
PHM,0.2,False,0.2518352838491424
PII,0.2,False,0.2030262438887573
PINC,0.3333333333333333,False,0.1350690764572977
PIPR,0.3,False,0.0827367651607864
PJT,0.2857142857142857,False,0.1920672410170204
PK,0.2222222222222222,False,0.03245352778063058
PKG,0.2,True,0.2293140319131436
PLAB,0.125,False,0.2349605971180672
PLAY,0.25,False,0.1365032932673378
PLCE,0.5454545454545454,True,0.001573439395478579
PLD,0.2727272727272727,False,0.0223422667435884
PLMR,0.4285714285714285,False,0.06499374603527307
PLNT,0.375,False,0.1484079166137406
PLUS,0.2222222222222222,False,0.1434272919831587
PLXS,0.2727272727272727,True,0.08563270834298299
PM,0.25,False,0.2503291711955321
PMT,0.5,False,
PNC,0.3846153846153846,True,0.0200131978733183
PNFP,0.1538461538461538,True,0.02054036674339608
PNM,0.4444444444444444,False,0.07825092045630663
PNR,0.3333333333333333,False,-0.02722577628530743
PNW,0.3636363636363636,False,0.06352092904543133
PODD,0.5555555555555556,False,0.09052051564041225
POOL,0.2222222222222222,False,0.313320387640886
POR,0.5,True,0.0811092888027434
POST,0.3,False,0.0953704470108518
POWI,0.4285714285714285,False,0.1500604468876143
POWL,0.25,False,0.1142015796124346
PPBI,0.3333333333333333,False,0.02306588621095482
PPC,0.2222222222222222,True,0.1811004848154882
PPG,0.25,True,0.1280621923260442
PPL,0.4,True,0.08412859694910976
PR,0.2,False,0.2743203758971897
PRA,0.25,False,0.00814813025639879
PRAA,0.3,False,0.0704865195950745
PRDO,0.2222222222222222,False,0.1688440997096079
PRFT,0.25,True,0.1856105597542757
PRG,0.3333333333333333,False,1.3003028745825467
PRGO,0.3,False,0.2023667502188301
PRGS,0.3333333333333333,False,0.154005239786239
PRI,0.4,False,0.05324108492098426
PRK,0.0769230769230769,False,0.02834060907836876
PRLB,0.25,False,0.0676815702205133
PRU,0.4444444444444444,False,0.005888446806808048
PRVA,0.2222222222222222,False,0.00512517710667329
PSA,0.3076923076923077,True,0.1001886521367041
PSMT,0.3,False,0.1472734194579561
PSX,0.3846153846153846,True,0.1904404630073837
PTC,0.3333333333333333,False,0.1059537486413675
PTEN,0.375,True,0.2773060009573932
PUMP,0.2222222222222222,False,0.2508454240303176
PVH,0.4,False,0.09492769618982079
PWR,0.3,False,0.1194656888227083
PXD,0.3333333333333333,True,0.2829063604240283
PYPL,0.3333333333333333,False,0.07729777105862497
PZZA,0.4285714285714285,False,0.2125820960940746
QCOM,0.3333333333333333,False,0.2092869850280848
QDEL,0.25,False,0.0941550306371153
QLYS,0.3333333333333333,False,0.2166013080032882
QNST,0.3333333333333333,False,-0.01470407626365983
QRVO,0.2222222222222222,False,0.07671370820676776
QURE,0.2222222222222222,False,
R,0.2727272727272727,True,0.1782122112013059
RAMP,0.25,False,-0.04841290771488952
RBC,0.125,False,0.08823365632960449
RC,0.25,False,
RCL,0.2857142857142857,True,
RCM,0.1875,False,0.1045487056961544
RCUS,0.3333333333333333,False,-0.2236363021393723
RDN,0.2727272727272727,False,0.1428988405335871
RDNT,0.3333333333333333,False,0.08079856390290384
REG,0.3636363636363636,False,
REGN,0.25,False,0.1745790921354614
RES,0.3,True,0.366286775513726
REX,0.2222222222222222,False,0.1241712202826591
REXR,0.375,False,
REZI,0.3,False,0.1062923829049046
RF,0.3076923076923077,False,0.02501536030896164
RGA,0.3636363636363636,False,0.01200680072697426
RGEN,0.25,False,0.09468160429016913
RGLD,0.2857142857142857,False,0.1368146466103012
RGNX,0.3333333333333333,False,-0.3029392964703577
RGP,0.3,False,0.1516625474192436
RGR,0.2222222222222222,False,0.2256066087375049
RH,0.3333333333333333,False,0.1175171400681902
RHI,0.25,False,0.2107104199058479
RILY,0.3333333333333333,False,0.04876614024799134
RJF,0.3,False,0.0350258299803529
RL,0.3846153846153846,True,0.1413708377990186
RLI,0.1818181818181818,False,0.06877510651232412
RMAX,0.6363636363636364,False,0.1113064655865351
RMBS,0.2857142857142857,False,0.1310576340016369
RMD,0.3,False,0.22217450494663
RNR,0.2727272727272727,True,
RNST,0.2307692307692307,False,0.01847687701312269
ROCK,0.375,False,0.1364954955327769
ROG,0.2222222222222222,True,0.08330857561991876
ROIC,0.4444444444444444,False,
ROK,0.2727272727272727,False,0.1761978361669243
ROL,0.2727272727272727,True,0.2850248775377795
ROP,0.4444444444444444,False,0.09137782005261708
ROST,0.4545454545454545,False,0.1762952854704963
RPM,0.2727272727272727,False,0.1504385013892952
RPT,0.4285714285714285,False,0.006578326722301484
RRC,0.2857142857142857,False,0.4793270961275528
RRX,0.3,True,0.09794559382351167
RS,0.3333333333333333,False,0.2481814416916368
RSG,0.2727272727272727,True,0.1454489046451273
RTX,0.3076923076923077,False,0.06262580240479586
RUN,0.5555555555555556,True,-0.01567485683690553
RUTH,0.625,False,0.1499000176654113
RVTY,0.3333333333333333,False,0.064449886398701
RWT,0.3333333333333333,False,
RXO,0.4444444444444444,True,0.1493047084654794
RYAM,0.3333333333333333,True,0.08652718588908197
RYN,0.3,False,0.1353705813075905
SABR,0.3333333333333333,False,-0.01977900773390039
SAFE,0.1428571428571428,False,0.09725957815323379
SAFT,0.5,False,0.01853999146932908
SAH,0.1,False,0.1296039544276328
SAIA,0.3,False,0.2828459502598746
SAIC,0.5,False,0.125637726808926
SAM,0.25,False,0.152615971265128
SANM,0.125,False,0.1194601286842915
SBAC,0.3333333333333333,False,0.1470286152412328
SBCF,0.2727272727272727,False,0.0223160232610209
SBH,0.6666666666666666,False,0.1671649267641585
SBRA,0.375,False,
SBSI,0.2,False,0.01984726241164407
SBUX,0.25,False,0.2391199483142037
SCHL,0.3333333333333333,False,0.06137563392521304
SCHW,0.2941176470588235,False,0.02197664742334667
SCI,0.3,False,0.07645939334884513
SCL,0.25,False,0.07421856413651222
SCSC,0.25,False,0.07525547131131508
SCVL,0.2857142857142857,False,0.1684882993789998
SDGR,0.2222222222222222,False,-0.2237725586285396
SEDG,0.2857142857142857,False,0.09406191023230064
SEE,0.3333333333333333,False,0.1594676559785649
SEIC,0.1428571428571428,False,0.2237882933696055
SEM,0.1818181818181818,False,0.09510547917478858
SF,0.25,False,0.02745811390603986
SFBS,0.1666666666666666,False,0.02491099969215724
SFM,0.25,False,0.1560101318007957
SFNC,0.1764705882352941,False,0.01981511452727963
SGH,0.2857142857142857,False,-0.01733370680990592
SHAK,0.3333333333333333,False,0.04523932339110328
SHC,0.1,False,0.1266343216472893
SHEN,0.25,False,0.08010564909902865
SHO,0.4285714285714285,False,0.006885422270037655
SHOO,0.3636363636363636,False,0.1886236944230661
SHW,0.3333333333333333,False,0.1652585371942664
SIG,0.4166666666666667,True,0.1234342077417811
SIGI,0.2307692307692307,False,0.03627702268186364
SITC,0.375,False,
SITM,0.25,False,0.001446238052015953
SIX,0.2857142857142857,False,0.1799040018906398
SJM,0.4,False,0.1127736519212141
SJW,0.5,True,0.06862980500209516
SKT,0.2222222222222222,False,0.05977548442452987
SKX,0.375,False,0.1323452021468278
SKYW,0.25,False,0.05837247433902022
SLAB,0.3333333333333333,False,0.06056165352141444
SLB,0.2727272727272727,False,
SLCA,0.3333333333333333,False,0.176125769306538
SLG,0.3333333333333333,False,-0.01004237740821196
SLGN,0.2222222222222222,False,0.1154134873215494
SLM,0.3333333333333333,False,0.02869836241934924
SLP,0.4,False,0.08641246732161406
SLVM,0.3636363636363636,False,0.2712421283197956
SM,0.375,False,0.3256727670496227
SMCI,0.25,False,0.2303192851658898
SMG,0.25,False,0.09965631282018027
SMP,0.375,False,0.1039571650811354
SMPL,0.1818181818181818,True,0.1101616120694777
SMTC,0.3,False,0.04693277480348876
SNA,0.2,False,0.1972214028246433
SNBR,0.5,False,0.1290971535184905
SNCY,0.5,False,0.1081218836787736
SNEX,0.2222222222222222,False,0.05069105681331537
SNPS,0.3333333333333333,False,0.1619161917001777
SNV,0.3636363636363636,False,0.02172162600076802
SNX,0.2727272727272727,False,0.05826292642184343
SO,0.25,False,0.07149091662228534
SON,0.3636363636363636,False,0.1495309287377863
SONO,0.375,True,0.04023593223681417
SPG,0.2307692307692307,False,0.03828780382878039
SPGI,0.3846153846153846,False,0.08977086344370645
SPNT,0.1111111111111111,False,-0.0568072236346103
SPSC,0.4285714285714285,False,0.155668487045797
SPTN,0.25,False,0.08266125661582682
SPWR,0.1111111111111111,False,0.01295976773072947
SPXC,0.4444444444444444,True,0.09516166501235454
SR,0.4444444444444444,False,0.06602834688904903
SRC,0.4444444444444444,False,0.02553418639220084
SRCL,0.3,False,0.07228514323784144
SRDX,0.3333333333333333,False,0.08210013601013683
SRE,0.3333333333333333,True,0.06978706083554084
SSB,0.1818181818181818,False,0.02149019075972691
SSD,0.375,False,0.2755976786917868
SSP,0.3636363636363636,False,0.091110163943594
SSTK,0.3333333333333333,False,0.2165833570893546
ST,0.3333333333333333,False,0.09638485752879435
STAA,0.5,False,0.1271448027806845
STAG,0.2,False,0.09678216742035392
STBA,0.1818181818181818,False,0.02817042316332869
STC,0.2222222222222222,False,0.1183432677485989
STE,0.3,False,0.1743157375104976
STEL,0.0714285714285714,False,0.02536894079251039
STLD,0.2,False,0.4114880782135907
STRA,0.1818181818181818,False,0.05528263740871604
STT,0.3333333333333333,False,0.0234846416525607
STWD,0.2222222222222222,False,
STX,0.2727272727272727,False,0.02653415452125061
STZ,0.3636363636363636,False,0.1322836994054246
SUPN,0.1666666666666666,False,0.0773408891221408
SVC,0.2857142857142857,False,0.06298628188670026
SWAV,0.3333333333333333,False,0.2565692417829449
SWK,0.4,False,0.05110451468324375
SWKS,0.3333333333333333,False,0.2106991127424063
SWN,0.2222222222222222,False,0.2584667487684729
SWX,0.5454545454545454,False,0.07146464906169513
SXC,0.375,False,0.1663714179382211
SXI,0.25,False,0.1461933898780514
SXT,0.4,False,0.1286943207793198
SYF,0.3,False,0.04886377251487679
SYK,0.4,False,0.1329790952946934
SYNA,0.375,False,0.06185984075320423
SYY,0.3636363636363636,True,0.177218708531575
T,0.2,False,0.08688546059352
TALO,0.25,True,0.4297514986419054
TAP,0.2142857142857142,False,0.08613281454187413
TBBK,0.3,False,0.03577442011234078
TBI,0.5,False,0.09973331826326565
TCBI,0.1818181818181818,False,0.01473214645420751
TDC,0.3333333333333333,False,0.146264744429882
TDG,0.1818181818181818,False,0.1685531948420306
TDS,0.25,False,0.07157417893544733
TDY,0.2727272727272727,False,0.09448401968328829
TECH,0.2222222222222222,False,0.1605174975960838
TEL,0.3333333333333333,False,-0.0877285271480943
TER,0.25,False,0.2205908117517933
TEX,0.375,False,0.210194429847609
TFC,0.3333333333333333,False,0.02294423327306018
TFIN,0.2727272727272727,False,0.031993689755004
TFX,0.3333333333333333,False,0.1216398797416577
TG,0.1428571428571428,False,0.1111864089921249
TGI,0.3333333333333333,True,0.1087361658913524
TGNA,0.3333333333333333,False,0.1538239031621501
TGT,0.3333333333333333,True,0.1450076059466371
THC,0.3,False,0.1104713356836553
THG,0.3636363636363636,False,-0.005797774068884267
THO,0.375,False,0.117584188983515
THRM,0.25,False,0.1195405406772514
THRY,0.4285714285714285,False,0.1731140830734227
THS,0.375,False,0.06642268791461446
TILE,0.2222222222222222,False,0.125174076470407
TJX,0.5555555555555556,False,0.2150786231383407
TKO,0.25,False,0.2720355550554844
TKR,0.2727272727272727,False,0.1573196449148953
TMHC,0.5,False,0.1694006936999916
TMO,0.2727272727272727,False,0.1170192121094508
TMP,0.3571428571428571,False,0.00951992947158767
TMST,0.2,False,0.09634366435685479
TMUS,0.2307692307692307,False,0.13135766330007
TNC,0.3333333333333333,False,0.1269796907024408
TNDM,0.3,False,-0.09262492608330755
TNL,0.3333333333333333,False,0.1314349943799176
TOL,0.2,False,0.1485103078966198
TPH,0.3333333333333333,False,0.1729634773482829
TPR,0.5555555555555556,False,0.1932001589372304
TPX,0.4285714285714285,False,0.1775788817764686
TR,0.8,False,0.1071487687355765
TREE,0.2222222222222222,False,0.004815943807668775
TREX,0.3333333333333333,False,0.2781567421440045
TRGP,0.2727272727272727,True,0.2060464031362835
TRIP,0.3,False,0.07827633919746986
TRMB,0.2222222222222222,False,0.1071363946383085
TRMK,0.0909090909090909,False,0.02086162719203575
TRN,0.375,False,0.05719726397074715
TROW,0.2727272727272727,False,0.1871670121820452
TRST,0.2222222222222222,False,0.02054264003121527
TRUP,0.5,False,-0.04819867409926479
TRV,0.3571428571428571,False,0.02916298365711557
TSCO,0.375,False,0.2235479779166054
TSE,0.3636363636363636,True,
TSLA,0.25,False,0.2307605169661706
TSN,0.3076923076923077,False,0.05112765491569959
TT,0.4545454545454545,True,0.1291085816600588
TTC,0.2727272727272727,False,0.1962696543948597
TTEC,0.25,False,0.1280281366643954
TTEK,0.5,False,0.1493431966741023
TTGT,0.1428571428571428,False,0.0879101579464637
TTMI,0.3333333333333333,False,0.09716606204514588
TTWO,0.3,False,0.05046093558081414
TWI,0.1428571428571428,False,0.2007866851212755
TWNK,0.3333333333333333,False,0.08057647428496781
TWO,0.25,False,
TXN,0.3333333333333333,False,0.368110291305605
TXRH,0.2857142857142857,False,0.1972740039746687
TXT,0.3333333333333333,False,0.07938978829389788
TYL,0.25,False,0.0810202709133903
UAA,0.4,True,
UAL,0.2307692307692307,False,0.1159509290070122
UBA,0.1111111111111111,False,
UBSI,0.2,False,0.02271637243671959
UCBI,0.1818181818181818,False,0.02285358760761021
UCTT,0.375,False,0.12013309795654
UDR,0.3,False,
UE,0.3333333333333333,False,
UFCS,0.2727272727272727,False,0.00778116124374407
UFPI,0.2222222222222222,False,0.242749264993241
UFPT,0.2857142857142857,False,0.1823794352803506
UGI,0.3,False,-0.006489568170790878
UHS,0.4285714285714285,False,0.1290445163950217
UHT,0.2857142857142857,False,
ULTA,0.5454545454545454,False,0.3468033270814692
UMBF,0.25,False,0.01872049199034705
UNF,0.2222222222222222,False,0.1039606862577774
UNFI,0.3636363636363636,False,0.06150978564771668
UNH,0.3333333333333333,False,0.1350545120139235
UNIT,0.4,False,0.02572571962540881
UNM,0.4545454545454545,False,0.03051861534980769
UNP,0.4,True,0.1739772368365976
UNVR,0.2,False,0.1257367387033399
UPBD,0.2857142857142857,False,0.5826797984723842
UPS,0.4166666666666667,False,0.2232369427381903
URBN,0.3,False,0.09559575393043092
URI,0.2727272727272727,False,0.2698201891651557
USB,0.3846153846153846,False,0.0208047028213994
USFD,0.2307692307692307,False,0.09137055837563451
USNA,0.25,True,0.1764908453612614
USPH,0.375,False,0.1003446173751851
UTHR,0.4166666666666667,False,0.1917741214569436
UTL,0.3636363636363636,False,0.09141725492701314
UVE,0.1666666666666666,False,0.03546136461897611
UVV,0.2222222222222222,False,0.08611661238140443
V,0.3,False,0.2609090909090909
VAC,0.3,False,0.1025966470992649
VAL,0.25,True,0.1560665545786474
VBTX,0.1538461538461538,False,0.02335109476856395
VC,0.2222222222222222,True,0.1268146883005978
VCEL,0.25,False,-0.05061659583362364
VECO,0.3333333333333333,False,0.08687733100174264
VFC,0.3,False,0.09503236354777349
VGR,0.1111111111111111,False,0.3371543449703385
VIAV,0.2222222222222222,False,0.08204654197477164
VICI,0.4285714285714285,False,
VICR,0.0833333333333333,False,0.1045953274482897
VIR,0.3636363636363636,False,-0.1117786048775461
VLO,0.3636363636363636,True,0.2866280280844494
VLY,0.2307692307692307,True,0.02278759032910636
VMC,0.3333333333333333,False,0.1167810525410858
VMI,0.3,False,0.1511389164713684
VNDA,0.3333333333333333,False,0.01958345901391777
VNO,0.3,False,0.1223443394430161
VNT,0.3333333333333333,False,0.1604003577963951
VOYA,0.5,False,0.005237710182255011
VRE,0.3333333333333333,False,-0.3932238193018481
VREX,0.4285714285714285,False,0.0932621199671323
VRRM,0.2857142857142857,False,0.1857079019517734
VRSK,0.4,True,0.2139452146707965
VRSN,0.25,False,0.5990740740740741
VRTS,0.25,False,0.06003853351751887
VRTV,0.3333333333333333,False,0.20136925795053
VRTX,0.3333333333333333,False,0.2470777439414834
VSAT,0.1111111111111111,False,0.07376588213513557
VSCO,0.875,False,0.1319687341843334
VSH,0.2727272727272727,False,0.1830724423130987
VST,0.3636363636363636,True,0.1167416693039807
VSTO,0.125,False,0.239366724266003
VTLE,0.3,False,0.3621891294302262
VTOL,0.125,False,0.0759178426469397
VTR,0.3636363636363636,False,0.09809782608695652
VTRS,0.2727272727272727,True,0.1044054215729488
VVI,0.3333333333333333,False,0.1081806401346171
VVV,0.375,False,0.1169549843816893
VYX,0.3636363636363636,False,
VZ,0.3333333333333333,False,0.1265352218405958
WAB,0.3333333333333333,False,0.08603787950889882
WABC,0.5,False,0.03726360427679076
WAFD,0.2,False,0.02141189340086757
WAT,0.2222222222222222,False,0.3183328692509963
WBA,0.5,False,0.04660726525017135
WBD,0.2307692307692307,False,0.0684873469718572
WBS,0.4,False,0.0220947604883313
WCC,0.2222222222222222,False,0.1228277629994256
WD,0.25,False,0.1076694745640064
WDC,0.3333333333333333,False,-0.008759469696969696
WDFC,0.3636363636363636,False,0.224416774337039
WEC,0.3333333333333333,False,0.07535932209258897
WELL,0.4,False,-0.1663660851302546
WEN,0.25,False,0.08749261254054554
WERN,0.4444444444444444,False,0.1522519536014974
WEX,0.3636363636363636,True,0.08134371512219446
WFC,0.3846153846153846,False,0.02062147069174276
WFRD,0.2,True,
WGO,0.3,False,0.1446466807876253
WH,0.25,False,0.1408365203666606
WHR,0.3333333333333333,False,0.08816060306343393
WING,0.3333333333333333,False,0.2686532982945342
WIRE,0.1666666666666666,True,0.5303082213008429
WKC,0.2222222222222222,True,0.05212114077939743
WLK,0.25,True,0.130929653705807
WLY,0.2,False,0.1245125126721732
WM,0.3333333333333333,False,0.1876047441021013
WMB,0.25,True,0.1054297464730074
WMS,0.25,True,0.277801042994798
WMT,0.2727272727272727,False,0.1526012913876211
WNC,0.2222222222222222,True,0.18704800583746
WOLF,0.2,False,-0.01248422995085394
WOR,0.1818181818181818,False,0.1042761138702657
WPC,0.3636363636363636,False,0.04978733471113015
WRB,0.2222222222222222,False,0.05173890333059262
WRK,0.3333333333333333,False,0.09802468074744133
WRLD,0.1428571428571428,False,0.09436235052076637
WSFS,0.4166666666666667,False,0.02750345030598624
WSM,0.5714285714285714,False,0.3725545925149829
WSO,0.3333333333333333,False,0.2229566525237643
WSR,0.5,False,0.2267596119014285
WST,0.2727272727272727,False,0.2370514091690503
WT,0.4166666666666667,False,0.06638072115993478
WTFC,0.3571428571428571,False,0.02120786861530431
WTRG,0.375,False,0.06471557786120456
WTS,0.2222222222222222,True,0.1919978872309521
WTW,0.4,False,0.2937303643025088
WU,0.2222222222222222,False,0.1196453059991168
WWD,0.125,False,0.1088044250163977
WWW,0.4,False,0.06307008794995013
WY,0.4444444444444444,False,0.009316867281538221
WYNN,0.5,False,0.03582944004388203
X,0.3076923076923077,True,0.2074368192305629
XEL,0.3333333333333333,False,0.08004397660051032
XHR,0.375,False,
XNCR,0.2857142857142857,False,-0.1879643470209705
XOM,0.25,False,0.2453255108211722
XPEL,0.2,False,0.3503110271340046
XPER,0.4,False,-0.04379578383036829
XPO,0.3333333333333333,True,0.1190272516192106
XRAY,0.3636363636363636,False,0.08482407297713541
XRX,0.25,False,0.04934183961883227
XYL,0.3,False,0.118400788517218
YELP,0.3333333333333333,False,0.09988627840015486
YETI,0.4285714285714285,False,0.2574186315088471
YUM,0.3,False,0.4295926276806477
ZBH,0.3,False,0.1105440358185803
ZBRA,0.3,False,0.1261243187213696
ZD,0.3333333333333333,False,0.1316187333556969
ZEUS,0.2222222222222222,False,0.1014686921037078
ZI,0.2222222222222222,False,0.04708453432050685
ZION,0.3636363636363636,False,0.01856300625738366
ZTS,0.4166666666666667,True,0.2546076788706285
ZUMZ,0.25,False,0.02095059735270694
